<?xml version="1.0" encoding="UTF-8"?>
<osm version="0.6" generator="openstreetmap-cgimap 2.1.0 (1338 spike-08.openstreetmap.org)" copyright="OpenStreetMap and contributors" attribution="http://www.openstreetmap.org/copyright" license="http://opendatacommons.org/licenses/odbl/1-0/">
 <bounds minlat="14.2614460" minlon="121.3956590" maxlat="14.2640450" maxlon="121.3993120"/>
 <node id="253498614" visible="true" version="45" changeset="152848621" timestamp="2024-06-18T13:17:30Z" user="vasqaa" uid="20928010" lat="14.2607314" lon="121.3974201"/>
 <node id="253507708" visible="true" version="28" changeset="152848621" timestamp="2024-06-18T13:17:30Z" user="vasqaa" uid="20928010" lat="14.2679753" lon="121.3977195"/>
 <node id="253509737" visible="true" version="24" changeset="152848621" timestamp="2024-06-18T13:17:30Z" user="vasqaa" uid="20928010" lat="14.2647596" lon="121.3983584"/>
 <node id="253511757" visible="true" version="43" changeset="152848621" timestamp="2024-06-18T13:17:30Z" user="vasqaa" uid="20928010" lat="14.2620883" lon="121.3991421"/>
 <node id="253763636" visible="true" version="29" changeset="152848621" timestamp="2024-06-18T13:17:30Z" user="vasqaa" uid="20928010" lat="14.2672953" lon="121.3975010"/>
 <node id="253765718" visible="true" version="15" changeset="151654077" timestamp="2024-05-22T03:16:34Z" user="vasqaa" uid="20928010" lat="14.2495441" lon="121.4028910"/>
 <node id="253767414" visible="true" version="19" changeset="152848621" timestamp="2024-06-18T13:17:30Z" user="vasqaa" uid="20928010" lat="14.2657332" lon="121.3980910"/>
 <node id="253769003" visible="true" version="43" changeset="152848621" timestamp="2024-06-18T13:17:30Z" user="vasqaa" uid="20928010" lat="14.2600977" lon="121.3976157"/>
 <node id="253769098" visible="true" version="32" changeset="166355741" timestamp="2025-05-16T15:00:56Z" user="GubanDesert" uid="21272439" lat="14.2623974" lon="121.3991639"/>
 <node id="253770326" visible="true" version="30" changeset="152848621" timestamp="2024-06-18T13:17:30Z" user="vasqaa" uid="20928010" lat="14.2668766" lon="121.3976476"/>
 <node id="253770635" visible="true" version="43" changeset="152848621" timestamp="2024-06-18T13:17:30Z" user="vasqaa" uid="20928010" lat="14.2609738" lon="121.3973852"/>
 <node id="253774189" visible="true" version="46" changeset="152848621" timestamp="2024-06-18T13:17:30Z" user="vasqaa" uid="20928010" lat="14.2613367" lon="121.3975560">
  <tag k="distance" v="85"/>
  <tag k="highway" v="milestone"/>
 </node>
 <node id="253782678" visible="true" version="24" changeset="152848621" timestamp="2024-06-18T13:17:30Z" user="vasqaa" uid="20928010" lat="14.2620129" lon="121.3990817"/>
 <node id="253784191" visible="true" version="29" changeset="152848621" timestamp="2024-06-18T13:17:30Z" user="vasqaa" uid="20928010" lat="14.2682692" lon="121.3982249">
  <tag k="crossing" v="uncontrolled"/>
  <tag k="crossing_ref" v="zebra"/>
  <tag k="highway" v="crossing"/>
 </node>
 <node id="253784903" visible="true" version="13" changeset="162245514" timestamp="2025-02-07T13:24:42Z" user="vasqaa" uid="20928010" lat="14.2544754" lon="121.4011828"/>
 <node id="253789264" visible="true" version="20" changeset="162245514" timestamp="2025-02-07T13:24:42Z" user="vasqaa" uid="20928010" lat="14.2579720" lon="121.3983024"/>
 <node id="253790158" visible="true" version="16" changeset="162245514" timestamp="2025-02-07T13:24:42Z" user="vasqaa" uid="20928010" lat="14.2558286" lon="121.3996886"/>
 <node id="253792713" visible="true" version="14" changeset="162245514" timestamp="2025-02-07T13:24:42Z" user="vasqaa" uid="20928010" lat="14.2550167" lon="121.4006868"/>
 <node id="253794084" visible="true" version="13" changeset="133918478" timestamp="2023-03-20T23:07:08Z" user="GOwin" uid="1041828" lat="14.2529165" lon="121.4020752"/>
 <node id="253797077" visible="true" version="13" changeset="162245514" timestamp="2025-02-07T13:24:42Z" user="vasqaa" uid="20928010" lat="14.2539316" lon="121.4015598"/>
 <node id="253797908" visible="true" version="23" changeset="152848621" timestamp="2024-06-18T13:17:30Z" user="vasqaa" uid="20928010" lat="14.2633993" lon="121.3987219"/>
 <node id="253801268" visible="true" version="28" changeset="152848621" timestamp="2024-06-18T13:17:30Z" user="vasqaa" uid="20928010" lat="14.2678698" lon="121.3975854"/>
 <node id="253805305" visible="true" version="40" changeset="152848621" timestamp="2024-06-18T13:17:30Z" user="vasqaa" uid="20928010" lat="14.2618471" lon="121.3987494"/>
 <node id="253805445" visible="true" version="29" changeset="152848621" timestamp="2024-06-18T13:17:30Z" user="vasqaa" uid="20928010" lat="14.2675124" lon="121.3974598"/>
 <node id="279423506" visible="true" version="14" changeset="162245514" timestamp="2025-02-07T13:24:42Z" user="vasqaa" uid="20928010" lat="14.2590031" lon="121.3979484">
  <tag k="highway" v="traffic_signals"/>
  <tag k="traffic_signals" v="traffic_lights"/>
  <tag k="traffic_signals:countdown" v="yes"/>
 </node>
 <node id="294047979" visible="true" version="12" changeset="151654077" timestamp="2024-05-22T03:16:34Z" user="vasqaa" uid="20928010" lat="14.2489967" lon="121.4027486"/>
 <node id="294048028" visible="true" version="13" changeset="151654077" timestamp="2024-05-22T03:16:34Z" user="vasqaa" uid="20928010" lat="14.2483412" lon="121.4023341"/>
 <node id="294048160" visible="true" version="12" changeset="151654077" timestamp="2024-05-22T03:16:34Z" user="vasqaa" uid="20928010" lat="14.2493165" lon="121.4028852"/>
 <node id="316156746" visible="true" version="41" changeset="152848621" timestamp="2024-06-18T13:17:30Z" user="vasqaa" uid="20928010" lat="14.2638414" lon="121.3985339">
  <tag k="crossing" v="uncontrolled"/>
  <tag k="crossing_ref" v="zebra"/>
  <tag k="highway" v="crossing"/>
 </node>
 <node id="316156747" visible="true" version="39" changeset="152848621" timestamp="2024-06-18T13:17:30Z" user="vasqaa" uid="20928010" lat="14.2641141" lon="121.3984476"/>
 <node id="316156748" visible="true" version="42" changeset="152848621" timestamp="2024-06-18T13:17:30Z" user="vasqaa" uid="20928010" lat="14.2643460" lon="121.3983914"/>
 <node id="316156749" visible="true" version="36" changeset="152848621" timestamp="2024-06-18T13:17:30Z" user="vasqaa" uid="20928010" lat="14.2650937" lon="121.3983006"/>
 <node id="353525536" visible="true" version="14" changeset="162245514" timestamp="2025-02-07T13:24:42Z" user="vasqaa" uid="20928010" lat="14.2569392" lon="121.3989106"/>
 <node id="364920604" visible="true" version="4" changeset="162246050" timestamp="2025-02-07T13:40:24Z" user="vasqaa" uid="20928010" lat="14.2627027" lon="121.3996992"/>
 <node id="366119719" visible="true" version="11" changeset="152848621" timestamp="2024-06-18T13:17:30Z" user="vasqaa" uid="20928010" lat="14.2615822" lon="121.3977468"/>
 <node id="366119720" visible="true" version="8" changeset="152848621" timestamp="2024-06-18T13:17:30Z" user="vasqaa" uid="20928010" lat="14.2618382" lon="121.3975955"/>
 <node id="366119722" visible="true" version="8" changeset="152848621" timestamp="2024-06-18T13:17:30Z" user="vasqaa" uid="20928010" lat="14.2618481" lon="121.3975139"/>
 <node id="366119723" visible="true" version="8" changeset="92903971" timestamp="2020-10-22T14:48:52Z" user="ShilaMariia" uid="10938067" lat="14.2617388" lon="121.3971583"/>
 <node id="366119724" visible="true" version="7" changeset="92903971" timestamp="2020-10-22T14:48:52Z" user="ShilaMariia" uid="10938067" lat="14.2617207" lon="121.3970640"/>
 <node id="366119725" visible="true" version="8" changeset="92903971" timestamp="2020-10-22T14:48:52Z" user="ShilaMariia" uid="10938067" lat="14.2615809" lon="121.3963741"/>
 <node id="366119727" visible="true" version="7" changeset="13645268" timestamp="2012-10-27T02:57:19Z" user="ianlopez1115" uid="44938" lat="14.2615432" lon="121.3961720"/>
 <node id="366119728" visible="true" version="8" changeset="92903971" timestamp="2020-10-22T14:48:52Z" user="ShilaMariia" uid="10938067" lat="14.2619209" lon="121.3960730"/>
 <node id="366119759" visible="true" version="11" changeset="92903971" timestamp="2020-10-22T14:48:52Z" user="ShilaMariia" uid="10938067" lat="14.2621007" lon="121.3970178"/>
 <node id="366119880" visible="true" version="11" changeset="92903971" timestamp="2020-10-22T14:48:52Z" user="ShilaMariia" uid="10938067" lat="14.2616953" lon="121.3969114"/>
 <node id="366119914" visible="true" version="9" changeset="13645268" timestamp="2012-10-27T02:57:19Z" user="ianlopez1115" uid="44938" lat="14.2616175" lon="121.3965531"/>
 <node id="366837799" visible="true" version="7" changeset="125926473" timestamp="2022-09-08T05:55:02Z" user="MountNarodnaya" uid="16161926" lat="14.2644372" lon="121.3989306"/>
 <node id="366837802" visible="true" version="7" changeset="125926473" timestamp="2022-09-08T05:55:02Z" user="MountNarodnaya" uid="16161926" lat="14.2641787" lon="121.3990190"/>
 <node id="366837806" visible="true" version="6" changeset="125926473" timestamp="2022-09-08T05:55:02Z" user="MountNarodnaya" uid="16161926" lat="14.2640398" lon="121.3990642"/>
 <node id="366837809" visible="true" version="5" changeset="125926473" timestamp="2022-09-08T05:55:02Z" user="MountNarodnaya" uid="16161926" lat="14.2640859" lon="121.3993793"/>
 <node id="366837812" visible="true" version="4" changeset="92945241" timestamp="2020-10-23T10:55:56Z" user="ShilaMariia" uid="10938067" lat="14.2641849" lon="121.3997514"/>
 <node id="366837816" visible="true" version="5" changeset="92945241" timestamp="2020-10-23T10:55:56Z" user="ShilaMariia" uid="10938067" lat="14.2642704" lon="121.3999825"/>
 <node id="366838122" visible="true" version="16" changeset="135433343" timestamp="2023-04-27T15:30:06Z" user="DaDapperMapper" uid="13771183" lat="14.2642557" lon="121.3976278"/>
 <node id="366838357" visible="true" version="10" changeset="135433343" timestamp="2023-04-27T15:30:06Z" user="DaDapperMapper" uid="13771183" lat="14.2638446" lon="121.3965644"/>
 <node id="366838686" visible="true" version="13" changeset="135433343" timestamp="2023-04-27T15:30:06Z" user="DaDapperMapper" uid="13771183" lat="14.2641123" lon="121.3976787"/>
 <node id="366838687" visible="true" version="13" changeset="135433343" timestamp="2023-04-27T15:30:06Z" user="DaDapperMapper" uid="13771183" lat="14.2639447" lon="121.3977385"/>
 <node id="366838689" visible="true" version="10" changeset="135433343" timestamp="2023-04-27T15:30:06Z" user="DaDapperMapper" uid="13771183" lat="14.2639262" lon="121.3977201"/>
 <node id="366838694" visible="true" version="11" changeset="135433343" timestamp="2023-04-27T15:30:06Z" user="DaDapperMapper" uid="13771183" lat="14.2635485" lon="121.3966867"/>
 <node id="366838713" visible="true" version="12" changeset="135433343" timestamp="2023-04-27T15:30:06Z" user="DaDapperMapper" uid="13771183" lat="14.2638312" lon="121.3974628"/>
 <node id="366838744" visible="true" version="8" changeset="135433343" timestamp="2023-04-27T15:30:06Z" user="DaDapperMapper" uid="13771183" lat="14.2642067" lon="121.3973122"/>
 <node id="366839671" visible="true" version="6" changeset="98058592" timestamp="2021-01-24T14:09:56Z" user="ianlopez1115" uid="44938" lat="14.2684327" lon="121.4017394"/>
 <node id="366842271" visible="true" version="3" changeset="13645275" timestamp="2012-10-27T03:01:26Z" user="ianlopez1115" uid="44938" lat="14.2649286" lon="121.3990052"/>
 <node id="371266588" visible="true" version="13" changeset="183367866" timestamp="2026-05-29T17:51:42Z" user="VMPanes" uid="1488198" lat="14.2552634" lon="121.4003236"/>
 <node id="371266591" visible="true" version="8" changeset="92903971" timestamp="2020-10-22T14:48:52Z" user="ShilaMariia" uid="10938067" lat="14.2619962" lon="121.3964620"/>
 <node id="371266592" visible="true" version="5" changeset="13645268" timestamp="2012-10-27T02:57:21Z" user="ianlopez1115" uid="44938" lat="14.2616574" lon="121.3967358"/>
 <node id="371266593" visible="true" version="7" changeset="92903971" timestamp="2020-10-22T14:48:52Z" user="ShilaMariia" uid="10938067" lat="14.2620287" lon="121.3966539"/>
 <node id="371266594" visible="true" version="6" changeset="92903971" timestamp="2020-10-22T14:48:52Z" user="ShilaMariia" uid="10938067" lat="14.2620646" lon="121.3968360"/>
 <node id="371266595" visible="true" version="24" changeset="152848621" timestamp="2024-06-18T13:17:30Z" user="vasqaa" uid="20928010" lat="14.2682458" lon="121.3981792"/>
 <node id="371266596" visible="true" version="24" changeset="152848621" timestamp="2024-06-18T13:17:30Z" user="vasqaa" uid="20928010" lat="14.2685622" lon="121.3987810"/>
 <node id="371266612" visible="true" version="26" changeset="152848621" timestamp="2024-06-18T13:17:30Z" user="vasqaa" uid="20928010" lat="14.2597657" lon="121.3977263"/>
 <node id="371266613" visible="true" version="26" changeset="152848621" timestamp="2024-06-18T13:17:30Z" user="vasqaa" uid="20928010" lat="14.2608217" lon="121.3973982"/>
 <node id="371266614" visible="true" version="21" changeset="152848621" timestamp="2024-06-18T13:17:30Z" user="vasqaa" uid="20928010" lat="14.2622508" lon="121.3991877"/>
 <node id="371266617" visible="true" version="8" changeset="135433343" timestamp="2023-04-27T15:30:06Z" user="DaDapperMapper" uid="13771183" lat="14.2637328" lon="121.3972146"/>
 <node id="371326958" visible="true" version="5" changeset="152848621" timestamp="2024-06-18T13:17:30Z" user="vasqaa" uid="20928010" lat="14.2665129" lon="121.3977922"/>
 <node id="492136307" visible="true" version="7" changeset="152848621" timestamp="2024-06-18T13:17:30Z" user="vasqaa" uid="20928010" lat="14.2639645" lon="121.3984834"/>
 <node id="492136309" visible="true" version="8" changeset="152848621" timestamp="2024-06-18T13:17:30Z" user="vasqaa" uid="20928010" lat="14.2614837" lon="121.3977888"/>
 <node id="492136311" visible="true" version="7" changeset="152848621" timestamp="2024-06-18T13:17:30Z" user="vasqaa" uid="20928010" lat="14.2611642" lon="121.3974140"/>
 <node id="492136312" visible="true" version="8" changeset="152848621" timestamp="2024-06-18T13:17:30Z" user="vasqaa" uid="20928010" lat="14.2612630" lon="121.3974811"/>
 <node id="492137328" visible="true" version="10" changeset="162245514" timestamp="2025-02-07T13:24:42Z" user="vasqaa" uid="20928010" lat="14.2593536" lon="121.3978485"/>
 <node id="492137423" visible="true" version="15" changeset="164620502" timestamp="2025-04-07T07:46:24Z" user="vasqaa" uid="20928010" lat="14.2587156" lon="121.3980469"/>
 <node id="492137642" visible="true" version="10" changeset="162245514" timestamp="2025-02-07T13:24:42Z" user="vasqaa" uid="20928010" lat="14.2588229" lon="121.3976819"/>
 <node id="1129347419" visible="true" version="7" changeset="162245514" timestamp="2025-02-07T13:24:42Z" user="vasqaa" uid="20928010" lat="14.2534577" lon="121.4018356"/>
 <node id="1300395497" visible="true" version="8" changeset="162245514" timestamp="2025-02-07T13:24:42Z" user="vasqaa" uid="20928010" lat="14.2554777" lon="121.4001032">
  <tag k="button_operated" v="no"/>
  <tag k="crossing" v="uncontrolled"/>
  <tag k="crossing:markings" v="zebra"/>
  <tag k="highway" v="crossing"/>
  <tag k="kerb" v="no"/>
  <tag k="supervised" v="no"/>
  <tag k="tactile_paving" v="no"/>
  <tag k="wheelchair" v="yes"/>
 </node>
 <node id="1300395595" visible="true" version="6" changeset="162245514" timestamp="2025-02-07T13:24:42Z" user="vasqaa" uid="20928010" lat="14.2532259" lon="121.4019542"/>
 <node id="1314699981" visible="true" version="3" changeset="122412523" timestamp="2022-06-15T11:04:28Z" user="PoconoMountains" uid="15526537" lat="14.2643285" lon="121.4001086"/>
 <node id="1314712367" visible="true" version="6" changeset="135433343" timestamp="2023-04-27T15:30:06Z" user="DaDapperMapper" uid="13771183" lat="14.2644670" lon="121.3972111"/>
 <node id="1327021502" visible="true" version="7" changeset="175385688" timestamp="2025-12-02T05:27:04Z" user="viiiiiiiin" uid="23559132" lat="14.2616380" lon="121.3980159">
  <tag k="access" v="permissive"/>
  <tag k="barrier" v="gate"/>
 </node>
 <node id="1327021503" visible="true" version="3" changeset="152848621" timestamp="2024-06-18T13:17:30Z" user="vasqaa" uid="20928010" lat="14.2612849" lon="121.3985986"/>
 <node id="1327021504" visible="true" version="4" changeset="152848621" timestamp="2024-06-18T13:17:30Z" user="vasqaa" uid="20928010" lat="14.2616977" lon="121.3983099"/>
 <node id="1327021508" visible="true" version="4" changeset="152848621" timestamp="2024-06-18T13:17:30Z" user="vasqaa" uid="20928010" lat="14.2605487" lon="121.3988572"/>
 <node id="1327021510" visible="true" version="4" changeset="152848621" timestamp="2024-06-18T13:17:30Z" user="vasqaa" uid="20928010" lat="14.2607194" lon="121.3987934"/>
 <node id="1327021512" visible="true" version="4" changeset="152848621" timestamp="2024-06-18T13:17:30Z" user="vasqaa" uid="20928010" lat="14.2613577" lon="121.3984202"/>
 <node id="1327096751" visible="true" version="2" changeset="107468018" timestamp="2021-07-06T04:24:20Z" user="sun_jeev" uid="8995742" lat="14.2514097" lon="121.4052461"/>
 <node id="1327096753" visible="true" version="3" changeset="17988508" timestamp="2013-09-23T10:43:45Z" user="ianlopez1115" uid="44938" lat="14.2538292" lon="121.4064368"/>
 <node id="1327096754" visible="true" version="5" changeset="162245514" timestamp="2025-02-07T13:24:42Z" user="vasqaa" uid="20928010" lat="14.2547889" lon="121.4009361"/>
 <node id="1327096760" visible="true" version="1" changeset="8452850" timestamp="2011-06-16T04:54:39Z" user="kton" uid="392494" lat="14.2520170" lon="121.4054195"/>
 <node id="1329110146" visible="true" version="7" changeset="162245514" timestamp="2025-02-07T13:24:42Z" user="vasqaa" uid="20928010" lat="14.2541113" lon="121.4014391"/>
 <node id="1329110182" visible="true" version="8" changeset="162245514" timestamp="2025-02-07T13:24:42Z" user="vasqaa" uid="20928010" lat="14.2594464" lon="121.3978200"/>
 <node id="1329110802" visible="true" version="9" changeset="183367866" timestamp="2026-05-29T17:51:42Z" user="VMPanes" uid="1488198" lat="14.2561328" lon="121.3994684"/>
 <node id="1329110832" visible="true" version="6" changeset="162245514" timestamp="2025-02-07T13:24:42Z" user="vasqaa" uid="20928010" lat="14.2551324" lon="121.4005418"/>
 <node id="1329111917" visible="true" version="4" changeset="133918478" timestamp="2023-03-20T23:07:08Z" user="GOwin" uid="1041828" lat="14.2504318" lon="121.4026464"/>
 <node id="1329111919" visible="true" version="7" changeset="162245514" timestamp="2025-02-07T13:24:42Z" user="vasqaa" uid="20928010" lat="14.2536513" lon="121.4017299"/>
 <node id="1329112092" visible="true" version="6" changeset="151654077" timestamp="2024-05-22T03:16:34Z" user="vasqaa" uid="20928010" lat="14.2509759" lon="121.4024952"/>
 <node id="1340740967" visible="true" version="3" changeset="15589305" timestamp="2013-04-03T02:26:46Z" user="ianlopez1115" uid="44938" lat="14.2659152" lon="121.4016668"/>
 <node id="1345502577" visible="true" version="8" changeset="162245514" timestamp="2025-02-07T13:24:42Z" user="vasqaa" uid="20928010" lat="14.2566764" lon="121.3991155"/>
 <node id="1345502586" visible="true" version="6" changeset="151654077" timestamp="2024-05-22T03:16:34Z" user="vasqaa" uid="20928010" lat="14.2492183" lon="121.4028574"/>
 <node id="1353164686" visible="true" version="1" changeset="8662277" timestamp="2011-07-08T00:02:59Z" user="kton" uid="392494" lat="14.2671285" lon="121.3924779"/>
 <node id="1353164695" visible="true" version="2" changeset="98058592" timestamp="2021-01-24T14:09:56Z" user="ianlopez1115" uid="44938" lat="14.2666242" lon="121.3926549"/>
 <node id="1353164700" visible="true" version="2" changeset="98058592" timestamp="2021-01-24T14:09:56Z" user="ianlopez1115" uid="44938" lat="14.2663278" lon="121.3920219"/>
 <node id="1353164701" visible="true" version="2" changeset="98058592" timestamp="2021-01-24T14:09:56Z" user="ianlopez1115" uid="44938" lat="14.2662862" lon="121.3926281"/>
 <node id="1353164715" visible="true" version="3" changeset="99499556" timestamp="2021-02-18T07:09:36Z" user="ShilaMariia" uid="10938067" lat="14.2639071" lon="121.3963230"/>
 <node id="1353164716" visible="true" version="2" changeset="147570862" timestamp="2024-02-17T13:15:12Z" user="vasqaa" uid="20928010" lat="14.2632905" lon="121.3927237"/>
 <node id="1353164722" visible="true" version="2" changeset="98058592" timestamp="2021-01-24T14:09:56Z" user="ianlopez1115" uid="44938" lat="14.2667978" lon="121.3899850"/>
 <node id="1353164724" visible="true" version="3" changeset="152848621" timestamp="2024-06-18T13:17:30Z" user="vasqaa" uid="20928010" lat="14.2620298" lon="121.3959624"/>
 <node id="1353164739" visible="true" version="1" changeset="8662277" timestamp="2011-07-08T00:03:00Z" user="kton" uid="392494" lat="14.2669933" lon="121.3897528"/>
 <node id="1353164743" visible="true" version="1" changeset="8662277" timestamp="2011-07-08T00:03:00Z" user="kton" uid="392494" lat="14.2664235" lon="121.3880056"/>
 <node id="1353164791" visible="true" version="2" changeset="98058592" timestamp="2021-01-24T14:09:56Z" user="ianlopez1115" uid="44938" lat="14.2676297" lon="121.3932064"/>
 <node id="1353164796" visible="true" version="2" changeset="98058592" timestamp="2021-01-24T14:09:56Z" user="ianlopez1115" uid="44938" lat="14.2669647" lon="121.3938539"/>
 <node id="1353164809" visible="true" version="3" changeset="99499556" timestamp="2021-02-18T07:09:36Z" user="ShilaMariia" uid="10938067" lat="14.2636676" lon="121.3964125"/>
 <node id="1353164810" visible="true" version="2" changeset="147570862" timestamp="2024-02-17T13:15:12Z" user="vasqaa" uid="20928010" lat="14.2630086" lon="121.3918567"/>
 <node id="1353164821" visible="true" version="3" changeset="99499556" timestamp="2021-02-18T07:09:36Z" user="ShilaMariia" uid="10938067" lat="14.2641494" lon="121.3969102"/>
 <node id="1353164827" visible="true" version="2" changeset="98058592" timestamp="2021-01-24T14:09:56Z" user="ianlopez1115" uid="44938" lat="14.2657320" lon="121.3906073"/>
 <node id="1353164832" visible="true" version="2" changeset="98058592" timestamp="2021-01-24T14:09:56Z" user="ianlopez1115" uid="44938" lat="14.2672268" lon="121.3927128"/>
 <node id="1353164846" visible="true" version="3" changeset="147570862" timestamp="2024-02-17T13:15:12Z" user="vasqaa" uid="20928010" lat="14.2637821" lon="121.3948431"/>
 <node id="1353164859" visible="true" version="2" changeset="99499556" timestamp="2021-02-18T07:09:36Z" user="ShilaMariia" uid="10938067" lat="14.2660037" lon="121.3971184"/>
 <node id="1353164873" visible="true" version="2" changeset="99499556" timestamp="2021-02-18T07:09:36Z" user="ShilaMariia" uid="10938067" lat="14.2663343" lon="121.3969451"/>
 <node id="1353164874" visible="true" version="2" changeset="98058592" timestamp="2021-01-24T14:09:56Z" user="ianlopez1115" uid="44938" lat="14.2664162" lon="121.3945137"/>
 <node id="1353164876" visible="true" version="1" changeset="8662277" timestamp="2011-07-08T00:03:03Z" user="kton" uid="392494" lat="14.2621915" lon="121.3906234"/>
 <node id="1353164884" visible="true" version="2" changeset="98058592" timestamp="2021-01-24T14:09:56Z" user="ianlopez1115" uid="44938" lat="14.2661324" lon="121.3921577"/>
 <node id="1353164891" visible="true" version="3" changeset="147570862" timestamp="2024-02-17T13:15:12Z" user="vasqaa" uid="20928010" lat="14.2631041" lon="121.3952190"/>
 <node id="1353164893" visible="true" version="2" changeset="98058592" timestamp="2021-01-24T14:09:56Z" user="ianlopez1115" uid="44938" lat="14.2674061" lon="121.3926619"/>
 <node id="1353164901" visible="true" version="1" changeset="8662277" timestamp="2011-07-08T00:03:04Z" user="kton" uid="392494" lat="14.2617756" lon="121.3912779"/>
 <node id="1353164903" visible="true" version="2" changeset="147570862" timestamp="2024-02-17T13:15:12Z" user="vasqaa" uid="20928010" lat="14.2621316" lon="121.3921915"/>
 <node id="1353164905" visible="true" version="3" changeset="152848621" timestamp="2024-06-18T13:17:30Z" user="vasqaa" uid="20928010" lat="14.2634570" lon="121.3958016"/>
 <node id="1353164907" visible="true" version="2" changeset="99499556" timestamp="2021-02-18T07:09:36Z" user="ShilaMariia" uid="10938067" lat="14.2659496" lon="121.3960975"/>
 <node id="1353164918" visible="true" version="1" changeset="8662277" timestamp="2011-07-08T00:03:04Z" user="kton" uid="392494" lat="14.2629381" lon="121.3904287"/>
 <node id="1353164922" visible="true" version="2" changeset="98058592" timestamp="2021-01-24T14:09:56Z" user="ianlopez1115" uid="44938" lat="14.2668067" lon="121.3954212"/>
 <node id="1353164923" visible="true" version="3" changeset="152848621" timestamp="2024-06-18T13:17:30Z" user="vasqaa" uid="20928010" lat="14.2614432" lon="121.3960311"/>
 <node id="1353164930" visible="true" version="2" changeset="98058592" timestamp="2021-01-24T14:09:56Z" user="ianlopez1115" uid="44938" lat="14.2665275" lon="121.3939064"/>
 <node id="1362326571" visible="true" version="4" changeset="152848621" timestamp="2024-06-18T13:17:30Z" user="vasqaa" uid="20928010" lat="14.2634036" lon="121.3965803"/>
 <node id="1362326572" visible="true" version="3" changeset="152848621" timestamp="2024-06-18T13:17:30Z" user="vasqaa" uid="20928010" lat="14.2621068" lon="121.3962278"/>
 <node id="1362326574" visible="true" version="3" changeset="152848621" timestamp="2024-06-18T13:17:30Z" user="vasqaa" uid="20928010" lat="14.2620264" lon="121.3990218"/>
 <node id="1362326577" visible="true" version="4" changeset="152848621" timestamp="2024-06-18T13:17:30Z" user="vasqaa" uid="20928010" lat="14.2618320" lon="121.3972438"/>
 <node id="1362326578" visible="true" version="3" changeset="164764555" timestamp="2025-04-10T11:44:11Z" user="vasqaa" uid="20928010" lat="14.2621788" lon="121.3971111"/>
 <node id="1362326579" visible="true" version="4" changeset="99499556" timestamp="2021-02-18T07:09:36Z" user="ShilaMariia" uid="10938067" lat="14.2636876" lon="121.3964754"/>
 <node id="1362326580" visible="true" version="4" changeset="152848621" timestamp="2024-06-18T13:17:30Z" user="vasqaa" uid="20928010" lat="14.2640090" lon="121.3984237"/>
 <node id="1362326581" visible="true" version="3" changeset="152848621" timestamp="2024-06-18T13:17:30Z" user="vasqaa" uid="20928010" lat="14.2624156" lon="121.3991116"/>
 <node id="1362326582" visible="true" version="3" changeset="152848621" timestamp="2024-06-18T13:17:30Z" user="vasqaa" uid="20928010" lat="14.2615560" lon="121.3978029"/>
 <node id="1362326584" visible="true" version="3" changeset="152848621" timestamp="2024-06-18T13:17:30Z" user="vasqaa" uid="20928010" lat="14.2619257" lon="121.3976602"/>
 <node id="1362326818" visible="true" version="8" changeset="152848621" timestamp="2024-06-18T13:17:30Z" user="vasqaa" uid="20928010" lat="14.2606220" lon="121.3974494"/>
 <node id="1368557897" visible="true" version="2" changeset="13645268" timestamp="2012-10-27T02:57:18Z" user="ianlopez1115" uid="44938" lat="14.2675416" lon="121.4013400"/>
 <node id="1368557899" visible="true" version="2" changeset="13645268" timestamp="2012-10-27T02:57:18Z" user="ianlopez1115" uid="44938" lat="14.2670607" lon="121.4011094"/>
 <node id="1368557913" visible="true" version="3" changeset="98058592" timestamp="2021-01-24T14:09:56Z" user="ianlopez1115" uid="44938" lat="14.2702458" lon="121.4037097"/>
 <node id="1368557975" visible="true" version="2" changeset="98058592" timestamp="2021-01-24T14:09:56Z" user="ianlopez1115" uid="44938" lat="14.2708950" lon="121.4041939"/>
 <node id="1368557988" visible="true" version="3" changeset="98058592" timestamp="2021-01-24T14:09:56Z" user="ianlopez1115" uid="44938" lat="14.2692848" lon="121.4041543"/>
 <node id="1368558040" visible="true" version="3" changeset="98058592" timestamp="2021-01-24T14:09:56Z" user="ianlopez1115" uid="44938" lat="14.2706260" lon="121.4046045"/>
 <node id="1368558057" visible="true" version="2" changeset="13645268" timestamp="2012-10-27T02:57:18Z" user="ianlopez1115" uid="44938" lat="14.2674169" lon="121.4009430"/>
 <node id="1368558113" visible="true" version="2" changeset="15589305" timestamp="2013-04-03T02:26:47Z" user="ianlopez1115" uid="44938" lat="14.2669194" lon="121.4011763"/>
 <node id="1370717011" visible="true" version="1" changeset="8803038" timestamp="2011-07-23T03:07:25Z" user="G-eMapper" uid="462835" lat="14.2652824" lon="121.3998698"/>
 <node id="1370717015" visible="true" version="2" changeset="13645275" timestamp="2012-10-27T03:01:26Z" user="ianlopez1115" uid="44938" lat="14.2642152" lon="121.4002981"/>
 <node id="1370717020" visible="true" version="3" changeset="99496591" timestamp="2021-02-18T06:31:20Z" user="ShilaMariia" uid="10938067" lat="14.2643141" lon="121.4005195"/>
 <node id="1449276979" visible="true" version="10" changeset="162245514" timestamp="2025-02-07T13:24:42Z" user="vasqaa" uid="20928010" lat="14.2573900" lon="121.3985674"/>
 <node id="1474747357" visible="true" version="5" changeset="133918478" timestamp="2023-03-20T23:07:08Z" user="GOwin" uid="1041828" lat="14.2523333" lon="121.4022475"/>
 <node id="1495160859" visible="true" version="5" changeset="166355741" timestamp="2025-05-16T15:00:56Z" user="GubanDesert" uid="21272439" lat="14.2626290" lon="121.3997699">
  <tag k="access" v="private"/>
  <tag k="barrier" v="gate"/>
 </node>
 <node id="1504861224" visible="true" version="2" changeset="152848621" timestamp="2024-06-18T13:17:30Z" user="vasqaa" uid="20928010" lat="14.2682259" lon="121.3981446"/>
 <node id="1562140518" visible="true" version="5" changeset="162245514" timestamp="2025-02-07T13:24:42Z" user="vasqaa" uid="20928010" lat="14.2581960" lon="121.3969207"/>
 <node id="1562140519" visible="true" version="6" changeset="162245514" timestamp="2025-02-07T13:24:42Z" user="vasqaa" uid="20928010" lat="14.2585788" lon="121.3973690"/>
 <node id="1562140521" visible="true" version="6" changeset="162245514" timestamp="2025-02-07T13:24:42Z" user="vasqaa" uid="20928010" lat="14.2583798" lon="121.3971338"/>
 <node id="1750580236" visible="true" version="5" changeset="135433343" timestamp="2023-04-27T15:30:06Z" user="DaDapperMapper" uid="13771183" lat="14.2641628" lon="121.3971979"/>
 <node id="1985258905" visible="true" version="3" changeset="152848621" timestamp="2024-06-18T13:17:30Z" user="vasqaa" uid="20928010" lat="14.2616936" lon="121.3972330"/>
 <node id="1985258907" visible="true" version="2" changeset="152848621" timestamp="2024-06-18T13:17:30Z" user="vasqaa" uid="20928010" lat="14.2622130" lon="121.3991250"/>
 <node id="1985258910" visible="true" version="5" changeset="162246050" timestamp="2025-02-07T13:40:24Z" user="vasqaa" uid="20928010" lat="14.2626676" lon="121.3976828"/>
 <node id="1985259368" visible="true" version="2" changeset="162246050" timestamp="2025-02-07T13:40:24Z" user="vasqaa" uid="20928010" lat="14.2625184" lon="121.3991917"/>
 <node id="1985259369" visible="true" version="2" changeset="162246050" timestamp="2025-02-07T13:40:24Z" user="vasqaa" uid="20928010" lat="14.2628770" lon="121.3990428"/>
 <node id="1985259370" visible="true" version="2" changeset="162246050" timestamp="2025-02-07T13:40:24Z" user="vasqaa" uid="20928010" lat="14.2630698" lon="121.3995591"/>
 <node id="1985259371" visible="true" version="2" changeset="99496591" timestamp="2021-02-18T06:31:20Z" user="ShilaMariia" uid="10938067" lat="14.2631886" lon="121.4001480"/>
 <node id="1985259372" visible="true" version="2" changeset="99496591" timestamp="2021-02-18T06:31:20Z" user="ShilaMariia" uid="10938067" lat="14.2634875" lon="121.4008841"/>
 <node id="1985259373" visible="true" version="1" changeset="13645275" timestamp="2012-10-27T03:01:22Z" user="ianlopez1115" uid="44938" lat="14.2636722" lon="121.3998293"/>
 <node id="1985259374" visible="true" version="1" changeset="13645275" timestamp="2012-10-27T03:01:22Z" user="ianlopez1115" uid="44938" lat="14.2637235" lon="121.3999287"/>
 <node id="1985259375" visible="true" version="2" changeset="99495084" timestamp="2021-02-18T06:11:37Z" user="ShilaMariia" uid="10938067" lat="14.2637600" lon="121.3990514"/>
 <node id="1985259376" visible="true" version="1" changeset="13645275" timestamp="2012-10-27T03:01:22Z" user="ianlopez1115" uid="44938" lat="14.2639804" lon="121.3997199"/>
 <node id="1985259377" visible="true" version="2" changeset="92944696" timestamp="2020-10-23T10:45:11Z" user="ShilaMariia" uid="10938067" lat="14.2641089" lon="121.3985736"/>
 <node id="1985259378" visible="true" version="3" changeset="99499556" timestamp="2021-02-18T07:09:36Z" user="ShilaMariia" uid="10938067" lat="14.2641173" lon="121.3978144"/>
 <node id="1985259379" visible="true" version="2" changeset="92944696" timestamp="2020-10-23T10:45:11Z" user="ShilaMariia" uid="10938067" lat="14.2641883" lon="121.3988429"/>
 <node id="1985259380" visible="true" version="2" changeset="92944696" timestamp="2020-10-23T10:45:11Z" user="ShilaMariia" uid="10938067" lat="14.2643402" lon="121.3984601"/>
 <node id="1985259381" visible="true" version="3" changeset="99499556" timestamp="2021-02-18T07:09:36Z" user="ShilaMariia" uid="10938067" lat="14.2642954" lon="121.3983663"/>
 <node id="1985259382" visible="true" version="2" changeset="99499556" timestamp="2021-02-18T07:09:36Z" user="ShilaMariia" uid="10938067" lat="14.2646392" lon="121.3977038"/>
 <node id="1985259383" visible="true" version="1" changeset="13645275" timestamp="2012-10-27T03:01:22Z" user="ianlopez1115" uid="44938" lat="14.2647704" lon="121.3986514"/>
 <node id="2245773120" visible="true" version="2" changeset="147570862" timestamp="2024-02-17T13:15:12Z" user="vasqaa" uid="20928010" lat="14.2635534" lon="121.3927128"/>
 <node id="2245773123" visible="true" version="2" changeset="147570862" timestamp="2024-02-17T13:15:12Z" user="vasqaa" uid="20928010" lat="14.2637735" lon="121.3942572"/>
 <node id="2245773124" visible="true" version="5" changeset="175385688" timestamp="2025-12-02T05:27:04Z" user="viiiiiiiin" uid="23559132" lat="14.2620265" lon="121.3973247">
  <tag k="crossing" v="unmarked"/>
  <tag k="crossing:markings" v="no"/>
  <tag k="highway" v="crossing"/>
 </node>
 <node id="2245773125" visible="true" version="3" changeset="152848621" timestamp="2024-06-18T13:17:30Z" user="vasqaa" uid="20928010" lat="14.2620394" lon="121.3976843"/>
 <node id="2245773126" visible="true" version="3" changeset="152848621" timestamp="2024-06-18T13:17:30Z" user="vasqaa" uid="20928010" lat="14.2620739" lon="121.3973537"/>
 <node id="2245773128" visible="true" version="3" changeset="152848621" timestamp="2024-06-18T13:17:30Z" user="vasqaa" uid="20928010" lat="14.2621645" lon="121.3976426"/>
 <node id="2245773129" visible="true" version="3" changeset="152848621" timestamp="2024-06-18T13:17:30Z" user="vasqaa" uid="20928010" lat="14.2622203" lon="121.3978737"/>
 <node id="2245773130" visible="true" version="3" changeset="152848621" timestamp="2024-06-18T13:17:30Z" user="vasqaa" uid="20928010" lat="14.2622700" lon="121.3980240"/>
 <node id="2245773131" visible="true" version="3" changeset="152848621" timestamp="2024-06-18T13:17:30Z" user="vasqaa" uid="20928010" lat="14.2623292" lon="121.3972685"/>
 <node id="2245773132" visible="true" version="3" changeset="152848621" timestamp="2024-06-18T13:17:30Z" user="vasqaa" uid="20928010" lat="14.2624199" lon="121.3975570"/>
 <node id="2245773133" visible="true" version="3" changeset="152848621" timestamp="2024-06-18T13:17:30Z" user="vasqaa" uid="20928010" lat="14.2624486" lon="121.3971004"/>
 <node id="2245773134" visible="true" version="3" changeset="152848621" timestamp="2024-06-18T13:17:30Z" user="vasqaa" uid="20928010" lat="14.2624542" lon="121.3972268"/>
 <node id="2245773135" visible="true" version="4" changeset="164764555" timestamp="2025-04-10T11:44:11Z" user="vasqaa" uid="20928010" lat="14.2624849" lon="121.3972167"/>
 <node id="2245773136" visible="true" version="3" changeset="152848621" timestamp="2024-06-18T13:17:30Z" user="vasqaa" uid="20928010" lat="14.2624960" lon="121.3977766"/>
 <node id="2245773137" visible="true" version="3" changeset="152848621" timestamp="2024-06-18T13:17:30Z" user="vasqaa" uid="20928010" lat="14.2625457" lon="121.3979269"/>
 <node id="2245773138" visible="true" version="3" changeset="152848621" timestamp="2024-06-18T13:17:30Z" user="vasqaa" uid="20928010" lat="14.2625821" lon="121.3976344"/>
 <node id="2245773144" visible="true" version="3" changeset="152848621" timestamp="2024-06-18T13:17:30Z" user="vasqaa" uid="20928010" lat="14.2628970" lon="121.3967930"/>
 <node id="2245773146" visible="true" version="3" changeset="152848621" timestamp="2024-06-18T13:17:30Z" user="vasqaa" uid="20928010" lat="14.2630174" lon="121.3967511"/>
 <node id="2245773147" visible="true" version="2" changeset="152848621" timestamp="2024-06-18T13:17:30Z" user="vasqaa" uid="20928010" lat="14.2630718" lon="121.3967208"/>
 <node id="2245773148" visible="true" version="3" changeset="152848621" timestamp="2024-06-18T13:17:30Z" user="vasqaa" uid="20928010" lat="14.2630651" lon="121.3973065"/>
 <node id="2245773149" visible="true" version="2" changeset="152848621" timestamp="2024-06-18T13:17:30Z" user="vasqaa" uid="20928010" lat="14.2631965" lon="121.3966758"/>
 <node id="2245773150" visible="true" version="3" changeset="152848621" timestamp="2024-06-18T13:17:30Z" user="vasqaa" uid="20928010" lat="14.2632310" lon="121.3967134"/>
 <node id="2245773151" visible="true" version="3" changeset="152848621" timestamp="2024-06-18T13:17:30Z" user="vasqaa" uid="20928010" lat="14.2631854" lon="121.3972646"/>
 <node id="2245773152" visible="true" version="2" changeset="152848621" timestamp="2024-06-18T13:17:30Z" user="vasqaa" uid="20928010" lat="14.2632452" lon="121.3972328"/>
 <node id="2245773153" visible="true" version="3" changeset="152848621" timestamp="2024-06-18T13:17:30Z" user="vasqaa" uid="20928010" lat="14.2633614" lon="121.3966672"/>
 <node id="2245773154" visible="true" version="2" changeset="152848621" timestamp="2024-06-18T13:17:30Z" user="vasqaa" uid="20928010" lat="14.2633699" lon="121.3971878"/>
 <node id="2245773155" visible="true" version="3" changeset="152848621" timestamp="2024-06-18T13:17:30Z" user="vasqaa" uid="20928010" lat="14.2633856" lon="121.3971775"/>
 <node id="2245773156" visible="true" version="3" changeset="152848621" timestamp="2024-06-18T13:17:30Z" user="vasqaa" uid="20928010" lat="14.2635159" lon="121.3971313"/>
 <node id="2245773157" visible="true" version="4" changeset="152848621" timestamp="2024-06-18T13:17:30Z" user="vasqaa" uid="20928010" lat="14.2635513" lon="121.3977694"/>
 <node id="2245773158" visible="true" version="4" changeset="152848621" timestamp="2024-06-18T13:17:30Z" user="vasqaa" uid="20928010" lat="14.2636675" lon="121.3977226"/>
 <node id="2245773159" visible="true" version="4" changeset="152848621" timestamp="2024-06-18T13:17:30Z" user="vasqaa" uid="20928010" lat="14.2637159" lon="121.3983112"/>
 <node id="2245773160" visible="true" version="4" changeset="152848621" timestamp="2024-06-18T13:17:30Z" user="vasqaa" uid="20928010" lat="14.2637212" lon="121.3982724"/>
 <node id="2245773162" visible="true" version="4" changeset="152848621" timestamp="2024-06-18T13:17:30Z" user="vasqaa" uid="20928010" lat="14.2637469" lon="121.3984168"/>
 <node id="2245773163" visible="true" version="4" changeset="152848621" timestamp="2024-06-18T13:17:30Z" user="vasqaa" uid="20928010" lat="14.2638342" lon="121.3982304"/>
 <node id="2245773165" visible="true" version="4" changeset="152848621" timestamp="2024-06-18T13:17:30Z" user="vasqaa" uid="20928010" lat="14.2639209" lon="121.3982385"/>
 <node id="2245773167" visible="true" version="4" changeset="152848621" timestamp="2024-06-18T13:17:30Z" user="vasqaa" uid="20928010" lat="14.2639552" lon="121.3983408"/>
 <node id="2245773185" visible="true" version="1" changeset="15589305" timestamp="2013-04-03T02:26:42Z" user="ianlopez1115" uid="44938" lat="14.2660220" lon="121.4016203"/>
 <node id="2245773195" visible="true" version="3" changeset="152848621" timestamp="2024-06-18T13:17:30Z" user="vasqaa" uid="20928010" lat="14.2677107" lon="121.3974859"/>
 <node id="2468615406" visible="true" version="6" changeset="183367866" timestamp="2026-05-29T17:51:42Z" user="VMPanes" uid="1488198" lat="14.2556446" lon="121.3998870"/>
 <node id="2468615501" visible="true" version="9" changeset="162245514" timestamp="2025-02-07T13:24:42Z" user="vasqaa" uid="20928010" lat="14.2576214" lon="121.3984322"/>
 <node id="3753922633" visible="true" version="3" changeset="152848621" timestamp="2024-06-18T13:17:30Z" user="vasqaa" uid="20928010" lat="14.2624562" lon="121.3968539"/>
 <node id="3753922634" visible="true" version="4" changeset="175700703" timestamp="2025-12-09T08:05:46Z" user="EW09" uid="23561769" lat="14.2626587" lon="121.3974688">
  <tag k="crossing" v="unmarked"/>
  <tag k="crossing:markings" v="no"/>
  <tag k="highway" v="crossing"/>
 </node>
 <node id="3753922635" visible="true" version="5" changeset="162246050" timestamp="2025-02-07T13:40:24Z" user="vasqaa" uid="20928010" lat="14.2633122" lon="121.3972426"/>
 <node id="3753922636" visible="true" version="5" changeset="162246050" timestamp="2025-02-07T13:40:24Z" user="vasqaa" uid="20928010" lat="14.2635070" lon="121.3971704"/>
 <node id="3753922637" visible="true" version="3" changeset="152848621" timestamp="2024-06-18T13:17:30Z" user="vasqaa" uid="20928010" lat="14.2637058" lon="121.3984421">
  <tag k="barrier" v="gate"/>
 </node>
 <node id="3753922638" visible="true" version="5" changeset="152848621" timestamp="2024-06-18T13:17:30Z" user="vasqaa" uid="20928010" lat="14.2637486" lon="121.3985733"/>
 <node id="3753922654" visible="true" version="3" changeset="152848621" timestamp="2024-06-18T13:17:30Z" user="vasqaa" uid="20928010" lat="14.2685090" lon="121.3986800">
  <tag k="distance" v="86"/>
  <tag k="highway" v="milestone"/>
 </node>
 <node id="3753922664" visible="true" version="1" changeset="34175142" timestamp="2015-09-22T04:49:55Z" user="ianlopez1115" uid="44938" lat="14.2703780" lon="121.4019184"/>
 <node id="3753922668" visible="true" version="1" changeset="34175142" timestamp="2015-09-22T04:49:55Z" user="ianlopez1115" uid="44938" lat="14.2705491" lon="121.4018510"/>
 <node id="3753922677" visible="true" version="1" changeset="34175142" timestamp="2015-09-22T04:49:55Z" user="ianlopez1115" uid="44938" lat="14.2710325" lon="121.4039298"/>
 <node id="5511952825" visible="true" version="5" changeset="162246050" timestamp="2025-02-07T13:40:24Z" user="vasqaa" uid="20928010" lat="14.2633808" lon="121.3972166"/>
 <node id="5511958119" visible="true" version="4" changeset="152848621" timestamp="2024-06-18T13:17:30Z" user="vasqaa" uid="20928010" lat="14.2632114" lon="121.3974532"/>
 <node id="5511958120" visible="true" version="4" changeset="152848621" timestamp="2024-06-18T13:17:30Z" user="vasqaa" uid="20928010" lat="14.2629402" lon="121.3979285"/>
 <node id="5511958321" visible="true" version="4" changeset="152848621" timestamp="2024-06-18T13:17:30Z" user="vasqaa" uid="20928010" lat="14.2633217" lon="121.3977987"/>
 <node id="5511962779" visible="true" version="4" changeset="152848621" timestamp="2024-06-18T13:17:30Z" user="vasqaa" uid="20928010" lat="14.2634941" lon="121.3959886"/>
 <node id="5511962780" visible="true" version="4" changeset="152848621" timestamp="2024-06-18T13:17:30Z" user="vasqaa" uid="20928010" lat="14.2633692" lon="121.3960332"/>
 <node id="5511962781" visible="true" version="4" changeset="152848621" timestamp="2024-06-18T13:17:30Z" user="vasqaa" uid="20928010" lat="14.2635196" lon="121.3964814"/>
 <node id="5511962782" visible="true" version="4" changeset="152848621" timestamp="2024-06-18T13:17:30Z" user="vasqaa" uid="20928010" lat="14.2636444" lon="121.3964368"/>
 <node id="5511962787" visible="true" version="5" changeset="164764555" timestamp="2025-04-10T11:44:11Z" user="vasqaa" uid="20928010" lat="14.2625354" lon="121.3961250"/>
 <node id="5511962788" visible="true" version="4" changeset="164764555" timestamp="2025-04-10T11:44:11Z" user="vasqaa" uid="20928010" lat="14.2624118" lon="121.3961664"/>
 <node id="5511962789" visible="true" version="3" changeset="152848621" timestamp="2024-06-18T13:17:30Z" user="vasqaa" uid="20928010" lat="14.2623092" lon="121.3968620"/>
 <node id="5511962790" visible="true" version="4" changeset="152848621" timestamp="2024-06-18T13:17:30Z" user="vasqaa" uid="20928010" lat="14.2627261" lon="121.3967193"/>
 <node id="5511966665" visible="true" version="4" changeset="152848621" timestamp="2024-06-18T13:17:30Z" user="vasqaa" uid="20928010" lat="14.2621519" lon="121.3979229"/>
 <node id="5511966666" visible="true" version="4" changeset="152848621" timestamp="2024-06-18T13:17:30Z" user="vasqaa" uid="20928010" lat="14.2618597" lon="121.3980358"/>
 <node id="5511966667" visible="true" version="5" changeset="177243198" timestamp="2026-01-15T03:45:09Z" user="durga_uppada" uid="20510226" lat="14.2618973" lon="121.3981378"/>
 <node id="5511966668" visible="true" version="5" changeset="177243198" timestamp="2026-01-15T03:45:09Z" user="durga_uppada" uid="20510226" lat="14.2621892" lon="121.3980279"/>
 <node id="5511966669" visible="true" version="4" changeset="164764555" timestamp="2025-04-10T11:44:11Z" user="vasqaa" uid="20928010" lat="14.2623897" lon="121.3969574"/>
 <node id="5511966670" visible="true" version="4" changeset="164764555" timestamp="2025-04-10T11:44:11Z" user="vasqaa" uid="20928010" lat="14.2622754" lon="121.3970003"/>
 <node id="5511966671" visible="true" version="4" changeset="164764555" timestamp="2025-04-10T11:44:11Z" user="vasqaa" uid="20928010" lat="14.2623105" lon="121.3970999"/>
 <node id="5511966672" visible="true" version="4" changeset="164764555" timestamp="2025-04-10T11:44:11Z" user="vasqaa" uid="20928010" lat="14.2624247" lon="121.3970570"/>
 <node id="5511972289" visible="true" version="5" changeset="165712863" timestamp="2025-05-02T10:36:41Z" user="vasqaa" uid="20928010" lat="14.2626204" lon="121.3968612"/>
 <node id="5511972290" visible="true" version="5" changeset="165712863" timestamp="2025-05-02T10:36:41Z" user="vasqaa" uid="20928010" lat="14.2625093" lon="121.3969004"/>
 <node id="5511972291" visible="true" version="5" changeset="165712863" timestamp="2025-05-02T10:36:41Z" user="vasqaa" uid="20928010" lat="14.2626719" lon="121.3973908"/>
 <node id="5511972292" visible="true" version="5" changeset="165712863" timestamp="2025-05-02T10:36:41Z" user="vasqaa" uid="20928010" lat="14.2627901" lon="121.3973491"/>
 <node id="5511973367" visible="true" version="4" changeset="152848621" timestamp="2024-06-18T13:17:30Z" user="vasqaa" uid="20928010" lat="14.2626965" lon="121.3961855"/>
 <node id="5511973368" visible="true" version="4" changeset="152848621" timestamp="2024-06-18T13:17:30Z" user="vasqaa" uid="20928010" lat="14.2625774" lon="121.3962270"/>
 <node id="5511973369" visible="true" version="4" changeset="152848621" timestamp="2024-06-18T13:17:30Z" user="vasqaa" uid="20928010" lat="14.2627404" lon="121.3967253"/>
 <node id="5511973370" visible="true" version="4" changeset="152848621" timestamp="2024-06-18T13:17:30Z" user="vasqaa" uid="20928010" lat="14.2628596" lon="121.3966838"/>
 <node id="5511973371" visible="true" version="4" changeset="152848621" timestamp="2024-06-18T13:17:30Z" user="vasqaa" uid="20928010" lat="14.2630974" lon="121.3960594"/>
 <node id="5511973372" visible="true" version="4" changeset="152848621" timestamp="2024-06-18T13:17:30Z" user="vasqaa" uid="20928010" lat="14.2629822" lon="121.3961000"/>
 <node id="5511973373" visible="true" version="4" changeset="152848621" timestamp="2024-06-18T13:17:30Z" user="vasqaa" uid="20928010" lat="14.2631451" lon="121.3965919"/>
 <node id="5511973374" visible="true" version="4" changeset="152848621" timestamp="2024-06-18T13:17:30Z" user="vasqaa" uid="20928010" lat="14.2632602" lon="121.3965513"/>
 <node id="5511973375" visible="true" version="5" changeset="152848621" timestamp="2024-06-18T13:17:30Z" user="vasqaa" uid="20928010" lat="14.2628496" lon="121.3960644"/>
 <node id="5511973376" visible="true" version="5" changeset="152848621" timestamp="2024-06-18T13:17:30Z" user="vasqaa" uid="20928010" lat="14.2627414" lon="121.3961035"/>
 <node id="5511973377" visible="true" version="5" changeset="152848621" timestamp="2024-06-18T13:17:30Z" user="vasqaa" uid="20928010" lat="14.2629303" lon="121.3966599"/>
 <node id="5511973378" visible="true" version="5" changeset="152848621" timestamp="2024-06-18T13:17:30Z" user="vasqaa" uid="20928010" lat="14.2630386" lon="121.3966208"/>
 <node id="5511982642" visible="true" version="4" changeset="152848621" timestamp="2024-06-18T13:17:30Z" user="vasqaa" uid="20928010" lat="14.2630431" lon="121.3973336"/>
 <node id="5511982643" visible="true" version="3" changeset="152848621" timestamp="2024-06-18T13:17:30Z" user="vasqaa" uid="20928010" lat="14.2628393" lon="121.3967203"/>
 <node id="5511982644" visible="true" version="3" changeset="152848621" timestamp="2024-06-18T13:17:30Z" user="vasqaa" uid="20928010" lat="14.2632409" lon="121.3972694"/>
 <node id="5511982646" visible="true" version="3" changeset="152848621" timestamp="2024-06-18T13:17:30Z" user="vasqaa" uid="20928010" lat="14.2630392" lon="121.3966553"/>
 <node id="5511982647" visible="true" version="3" changeset="152848621" timestamp="2024-06-18T13:17:30Z" user="vasqaa" uid="20928010" lat="14.2636030" lon="121.3964732"/>
 <node id="5511982648" visible="true" version="3" changeset="152848621" timestamp="2024-06-18T13:17:30Z" user="vasqaa" uid="20928010" lat="14.2631812" lon="121.3966085"/>
 <node id="5511982649" visible="true" version="4" changeset="162246050" timestamp="2025-02-07T13:40:24Z" user="vasqaa" uid="20928010" lat="14.2625579" lon="121.3971614"/>
 <node id="5511982650" visible="true" version="4" changeset="164764555" timestamp="2025-04-10T11:44:11Z" user="vasqaa" uid="20928010" lat="14.2631707" lon="121.3979517"/>
 <node id="5511982651" visible="true" version="4" changeset="164764555" timestamp="2025-04-10T11:44:11Z" user="vasqaa" uid="20928010" lat="14.2633381" lon="121.3984674"/>
 <node id="5511982654" visible="true" version="3" changeset="152848621" timestamp="2024-06-18T13:17:30Z" user="vasqaa" uid="20928010" lat="14.2618466" lon="121.3985964"/>
 <node id="5511982655" visible="true" version="4" changeset="164764555" timestamp="2025-04-10T11:44:11Z" user="vasqaa" uid="20928010" lat="14.2618877" lon="121.3981652"/>
 <node id="5511982656" visible="true" version="4" changeset="164764555" timestamp="2025-04-10T11:44:11Z" user="vasqaa" uid="20928010" lat="14.2628815" lon="121.3978668"/>
 <node id="5511982657" visible="true" version="4" changeset="164764555" timestamp="2025-04-10T11:44:11Z" user="vasqaa" uid="20928010" lat="14.2629367" lon="121.3980239"/>
 <node id="5513931734" visible="true" version="3" changeset="175385688" timestamp="2025-12-02T05:27:04Z" user="viiiiiiiin" uid="23559132" lat="14.2621993" lon="121.3978343"/>
 <node id="5513931735" visible="true" version="4" changeset="152848621" timestamp="2024-06-18T13:17:30Z" user="vasqaa" uid="20928010" lat="14.2628298" lon="121.3975831"/>
 <node id="5513931738" visible="true" version="2" changeset="152848621" timestamp="2024-06-18T13:17:30Z" user="vasqaa" uid="20928010" lat="14.2619124" lon="121.3972793"/>
 <node id="5513931739" visible="true" version="2" changeset="152848621" timestamp="2024-06-18T13:17:30Z" user="vasqaa" uid="20928010" lat="14.2629081" lon="121.3973834"/>
 <node id="5513931740" visible="true" version="2" changeset="152848621" timestamp="2024-06-18T13:17:30Z" user="vasqaa" uid="20928010" lat="14.2627431" lon="121.3974399"/>
 <node id="5513931741" visible="true" version="3" changeset="152848621" timestamp="2024-06-18T13:17:30Z" user="vasqaa" uid="20928010" lat="14.2627231" lon="121.3961458"/>
 <node id="5513931742" visible="true" version="3" changeset="152848621" timestamp="2024-06-18T13:17:30Z" user="vasqaa" uid="20928010" lat="14.2629088" lon="121.3966974"/>
 <node id="5513931743" visible="true" version="3" changeset="152848621" timestamp="2024-06-18T13:17:30Z" user="vasqaa" uid="20928010" lat="14.2629407" lon="121.3961155"/>
 <node id="5513931744" visible="true" version="3" changeset="152848621" timestamp="2024-06-18T13:17:30Z" user="vasqaa" uid="20928010" lat="14.2631172" lon="121.3966276"/>
 <node id="5513931745" visible="true" version="3" changeset="152848621" timestamp="2024-06-18T13:17:30Z" user="vasqaa" uid="20928010" lat="14.2631132" lon="121.3960128"/>
 <node id="5513931746" visible="true" version="3" changeset="152848621" timestamp="2024-06-18T13:17:30Z" user="vasqaa" uid="20928010" lat="14.2632971" lon="121.3965655"/>
 <node id="5513931747" visible="true" version="3" changeset="152848621" timestamp="2024-06-18T13:17:30Z" user="vasqaa" uid="20928010" lat="14.2633125" lon="121.3959789"/>
 <node id="5513931748" visible="true" version="3" changeset="152848621" timestamp="2024-06-18T13:17:30Z" user="vasqaa" uid="20928010" lat="14.2634896" lon="121.3965050"/>
 <node id="5513931755" visible="true" version="3" changeset="164764555" timestamp="2025-04-10T11:44:11Z" user="vasqaa" uid="20928010" lat="14.2617365" lon="121.3981122"/>
 <node id="5513931756" visible="true" version="3" changeset="164764555" timestamp="2025-04-10T11:44:11Z" user="vasqaa" uid="20928010" lat="14.2616960" lon="121.3980110"/>
 <node id="5513931757" visible="true" version="3" changeset="164764555" timestamp="2025-04-10T11:44:11Z" user="vasqaa" uid="20928010" lat="14.2617732" lon="121.3979782"/>
 <node id="5513931758" visible="true" version="3" changeset="164764555" timestamp="2025-04-10T11:44:11Z" user="vasqaa" uid="20928010" lat="14.2618137" lon="121.3980794"/>
 <node id="5513931759" visible="true" version="3" changeset="152848621" timestamp="2024-06-18T13:17:30Z" user="vasqaa" uid="20928010" lat="14.2617598" lon="121.3982032"/>
 <node id="5513931760" visible="true" version="3" changeset="152848621" timestamp="2024-06-18T13:17:30Z" user="vasqaa" uid="20928010" lat="14.2617311" lon="121.3981312"/>
 <node id="5513931761" visible="true" version="3" changeset="152848621" timestamp="2024-06-18T13:17:30Z" user="vasqaa" uid="20928010" lat="14.2617914" lon="121.3981056"/>
 <node id="5513931762" visible="true" version="3" changeset="152848621" timestamp="2024-06-18T13:17:30Z" user="vasqaa" uid="20928010" lat="14.2618201" lon="121.3981775"/>
 <node id="5513931763" visible="true" version="3" changeset="152848621" timestamp="2024-06-18T13:17:30Z" user="vasqaa" uid="20928010" lat="14.2617833" lon="121.3982820"/>
 <node id="5513931764" visible="true" version="3" changeset="152848621" timestamp="2024-06-18T13:17:30Z" user="vasqaa" uid="20928010" lat="14.2617544" lon="121.3982096"/>
 <node id="5513931765" visible="true" version="3" changeset="152848621" timestamp="2024-06-18T13:17:30Z" user="vasqaa" uid="20928010" lat="14.2618236" lon="121.3981801"/>
 <node id="5513931766" visible="true" version="3" changeset="152848621" timestamp="2024-06-18T13:17:30Z" user="vasqaa" uid="20928010" lat="14.2618525" lon="121.3982525"/>
 <node id="5513931767" visible="true" version="3" changeset="152848621" timestamp="2024-06-18T13:17:30Z" user="vasqaa" uid="20928010" lat="14.2617811" lon="121.3982875"/>
 <node id="5513931768" visible="true" version="3" changeset="152848621" timestamp="2024-06-18T13:17:30Z" user="vasqaa" uid="20928010" lat="14.2618195" lon="121.3983833"/>
 <node id="5513931769" visible="true" version="3" changeset="152848621" timestamp="2024-06-18T13:17:30Z" user="vasqaa" uid="20928010" lat="14.2618965" lon="121.3983506"/>
 <node id="5513931770" visible="true" version="3" changeset="152848621" timestamp="2024-06-18T13:17:30Z" user="vasqaa" uid="20928010" lat="14.2618582" lon="121.3982547"/>
 <node id="5513931773" visible="true" version="3" changeset="152848621" timestamp="2024-06-18T13:17:30Z" user="vasqaa" uid="20928010" lat="14.2618856" lon="121.3985783"/>
 <node id="5513931774" visible="true" version="3" changeset="152848621" timestamp="2024-06-18T13:17:30Z" user="vasqaa" uid="20928010" lat="14.2618162" lon="121.3983960"/>
 <node id="5513931775" visible="true" version="3" changeset="152848621" timestamp="2024-06-18T13:17:30Z" user="vasqaa" uid="20928010" lat="14.2619209" lon="121.3983535"/>
 <node id="5513931776" visible="true" version="3" changeset="152848621" timestamp="2024-06-18T13:17:30Z" user="vasqaa" uid="20928010" lat="14.2619904" lon="121.3985359"/>
 <node id="5513931777" visible="true" version="4" changeset="164764555" timestamp="2025-04-10T11:44:11Z" user="vasqaa" uid="20928010" lat="14.2618924" lon="121.3976822"/>
 <node id="5513931778" visible="true" version="3" changeset="152848621" timestamp="2024-06-18T13:17:30Z" user="vasqaa" uid="20928010" lat="14.2616351" lon="121.3977911"/>
 <node id="5513931779" visible="true" version="4" changeset="164764555" timestamp="2025-04-10T11:44:11Z" user="vasqaa" uid="20928010" lat="14.2616816" lon="121.3978924"/>
 <node id="5513931780" visible="true" version="4" changeset="164764555" timestamp="2025-04-10T11:44:11Z" user="vasqaa" uid="20928010" lat="14.2619336" lon="121.3977857"/>
 <node id="5513931781" visible="true" version="2" changeset="152848621" timestamp="2024-06-18T13:17:30Z" user="vasqaa" uid="20928010" lat="14.2615191" lon="121.3977279"/>
 <node id="5513931782" visible="true" version="1" changeset="57630834" timestamp="2018-03-29T11:47:20Z" user="GreenPH" uid="2331271" lat="14.2617225" lon="121.3976490"/>
 <node id="5513931783" visible="true" version="1" changeset="57630834" timestamp="2018-03-29T11:47:20Z" user="GreenPH" uid="2331271" lat="14.2617446" lon="121.3975324"/>
 <node id="5513931784" visible="true" version="6" changeset="164764555" timestamp="2025-04-10T11:44:11Z" user="vasqaa" uid="20928010" lat="14.2631951" lon="121.3979431"/>
 <node id="5513931785" visible="true" version="6" changeset="164764555" timestamp="2025-04-10T11:44:11Z" user="vasqaa" uid="20928010" lat="14.2632650" lon="121.3981455"/>
 <node id="5513931786" visible="true" version="6" changeset="164764555" timestamp="2025-04-10T11:44:11Z" user="vasqaa" uid="20928010" lat="14.2633611" lon="121.3981101"/>
 <node id="5513931787" visible="true" version="6" changeset="164764555" timestamp="2025-04-10T11:44:11Z" user="vasqaa" uid="20928010" lat="14.2632912" lon="121.3979077"/>
 <node id="5513931788" visible="true" version="3" changeset="164764555" timestamp="2025-04-10T11:44:11Z" user="vasqaa" uid="20928010" lat="14.2624543" lon="121.3963004"/>
 <node id="5513931789" visible="true" version="3" changeset="164764555" timestamp="2025-04-10T11:44:11Z" user="vasqaa" uid="20928010" lat="14.2622703" lon="121.3966892"/>
 <node id="5513931790" visible="true" version="3" changeset="164764555" timestamp="2025-04-10T11:44:11Z" user="vasqaa" uid="20928010" lat="14.2624014" lon="121.3966453"/>
 <node id="5513931791" visible="true" version="3" changeset="164764555" timestamp="2025-04-10T11:44:11Z" user="vasqaa" uid="20928010" lat="14.2623082" lon="121.3963494"/>
 <node id="5513931792" visible="true" version="3" changeset="164764555" timestamp="2025-04-10T11:44:11Z" user="vasqaa" uid="20928010" lat="14.2621349" lon="121.3962593"/>
 <node id="5513931793" visible="true" version="3" changeset="164764555" timestamp="2025-04-10T11:44:11Z" user="vasqaa" uid="20928010" lat="14.2621772" lon="121.3963936"/>
 <node id="5513931794" visible="true" version="2" changeset="152848621" timestamp="2024-06-18T13:17:30Z" user="vasqaa" uid="20928010" lat="14.2622564" lon="121.3966940"/>
 <node id="5513931795" visible="true" version="3" changeset="164764555" timestamp="2025-04-10T11:44:11Z" user="vasqaa" uid="20928010" lat="14.2625474" lon="121.3965958"/>
 <node id="5513931798" visible="true" version="2" changeset="152848621" timestamp="2024-06-18T13:17:30Z" user="vasqaa" uid="20928010" lat="14.2625498" lon="121.3975307"/>
 <node id="5513931799" visible="true" version="3" changeset="152848621" timestamp="2024-06-18T13:17:30Z" user="vasqaa" uid="20928010" lat="14.2626863" lon="121.3975965"/>
 <node id="5513931800" visible="true" version="3" changeset="152848621" timestamp="2024-06-18T13:17:30Z" user="vasqaa" uid="20928010" lat="14.2626506" lon="121.3974962"/>
 <node id="5513931801" visible="true" version="4" changeset="152848621" timestamp="2024-06-18T13:17:30Z" user="vasqaa" uid="20928010" lat="14.2638387" lon="121.3980006"/>
 <node id="5513931802" visible="true" version="3" changeset="152848621" timestamp="2024-06-18T13:17:30Z" user="vasqaa" uid="20928010" lat="14.2637521" lon="121.3982610"/>
 <node id="5513931803" visible="true" version="3" changeset="152848621" timestamp="2024-06-18T13:17:30Z" user="vasqaa" uid="20928010" lat="14.2637843" lon="121.3982496"/>
 <node id="5513931804" visible="true" version="3" changeset="152848621" timestamp="2024-06-18T13:17:30Z" user="vasqaa" uid="20928010" lat="14.2637608" lon="121.3982927"/>
 <node id="5513931805" visible="true" version="3" changeset="152848621" timestamp="2024-06-18T13:17:30Z" user="vasqaa" uid="20928010" lat="14.2637944" lon="121.3982788"/>
 <node id="5513931806" visible="true" version="4" changeset="152848621" timestamp="2024-06-18T13:17:30Z" user="vasqaa" uid="20928010" lat="14.2638226" lon="121.3981676"/>
 <node id="5513931807" visible="true" version="4" changeset="152848621" timestamp="2024-06-18T13:17:30Z" user="vasqaa" uid="20928010" lat="14.2638868" lon="121.3981448"/>
 <node id="5513931808" visible="true" version="4" changeset="152848621" timestamp="2024-06-18T13:17:30Z" user="vasqaa" uid="20928010" lat="14.2636608" lon="121.3976820"/>
 <node id="5513931809" visible="true" version="4" changeset="152848621" timestamp="2024-06-18T13:17:30Z" user="vasqaa" uid="20928010" lat="14.2638648" lon="121.3979914"/>
 <node id="5513931810" visible="true" version="4" changeset="152848621" timestamp="2024-06-18T13:17:30Z" user="vasqaa" uid="20928010" lat="14.2637511" lon="121.3976499"/>
 <node id="5513931812" visible="true" version="3" changeset="152848621" timestamp="2024-06-18T13:17:30Z" user="vasqaa" uid="20928010" lat="14.2636103" lon="121.3977449"/>
 <node id="5513931813" visible="true" version="2" changeset="152848621" timestamp="2024-06-18T13:17:30Z" user="vasqaa" uid="20928010" lat="14.2620142" lon="121.3985347"/>
 <node id="5513931815" visible="true" version="2" changeset="152848621" timestamp="2024-06-18T13:17:30Z" user="vasqaa" uid="20928010" lat="14.2631124" lon="121.3988145"/>
 <node id="5513931816" visible="true" version="2" changeset="164764555" timestamp="2025-04-10T11:44:11Z" user="vasqaa" uid="20928010" lat="14.2630212" lon="121.3985930"/>
 <node id="6415556883" visible="true" version="6" changeset="135433343" timestamp="2023-04-27T15:30:06Z" user="DaDapperMapper" uid="13771183" lat="14.2642885" lon="121.3975922"/>
 <node id="7104102551" visible="true" version="3" changeset="101689365" timestamp="2021-03-25T05:45:04Z" user="PiedmontPark" uid="10529559" lat="14.2797847" lon="121.3852572"/>
 <node id="8037350887" visible="true" version="2" changeset="152848621" timestamp="2024-06-18T13:17:30Z" user="vasqaa" uid="20928010" lat="14.2620385" lon="121.3977641"/>
 <node id="8037350888" visible="true" version="2" changeset="152848621" timestamp="2024-06-18T13:17:30Z" user="vasqaa" uid="20928010" lat="14.2619734" lon="121.3977923"/>
 <node id="8037350889" visible="true" version="2" changeset="152848621" timestamp="2024-06-18T13:17:30Z" user="vasqaa" uid="20928010" lat="14.2619353" lon="121.3976987"/>
 <node id="8037350890" visible="true" version="2" changeset="152848621" timestamp="2024-06-18T13:17:30Z" user="vasqaa" uid="20928010" lat="14.2620005" lon="121.3976704"/>
 <node id="8037350893" visible="true" version="2" changeset="152848621" timestamp="2024-06-18T13:17:30Z" user="vasqaa" uid="20928010" lat="14.2633657" lon="121.3959515"/>
 <node id="8037350894" visible="true" version="2" changeset="152848621" timestamp="2024-06-18T13:17:30Z" user="vasqaa" uid="20928010" lat="14.2631648" lon="121.3960139"/>
 <node id="8037350895" visible="true" version="2" changeset="152848621" timestamp="2024-06-18T13:17:30Z" user="vasqaa" uid="20928010" lat="14.2631357" lon="121.3959143"/>
 <node id="8037350896" visible="true" version="2" changeset="152848621" timestamp="2024-06-18T13:17:30Z" user="vasqaa" uid="20928010" lat="14.2633367" lon="121.3958519"/>
 <node id="8037350897" visible="true" version="2" changeset="152848621" timestamp="2024-06-18T13:17:30Z" user="vasqaa" uid="20928010" lat="14.2634426" lon="121.3958190"/>
 <node id="8037350898" visible="true" version="2" changeset="152848621" timestamp="2024-06-18T13:17:30Z" user="vasqaa" uid="20928010" lat="14.2633621" lon="121.3958485"/>
 <node id="8037350899" visible="true" version="2" changeset="152848621" timestamp="2024-06-18T13:17:30Z" user="vasqaa" uid="20928010" lat="14.2633946" lon="121.3959431"/>
 <node id="8037350900" visible="true" version="2" changeset="152848621" timestamp="2024-06-18T13:17:30Z" user="vasqaa" uid="20928010" lat="14.2634751" lon="121.3959137"/>
 <node id="8037370773" visible="true" version="3" changeset="165712863" timestamp="2025-05-02T10:36:41Z" user="vasqaa" uid="20928010" lat="14.2627500" lon="121.3972280"/>
 <node id="8037370774" visible="true" version="3" changeset="165712863" timestamp="2025-05-02T10:36:41Z" user="vasqaa" uid="20928010" lat="14.2627882" lon="121.3972145"/>
 <node id="8037370775" visible="true" version="3" changeset="165712863" timestamp="2025-05-02T10:36:41Z" user="vasqaa" uid="20928010" lat="14.2627047" lon="121.3969630"/>
 <node id="8037370776" visible="true" version="3" changeset="165712863" timestamp="2025-05-02T10:36:41Z" user="vasqaa" uid="20928010" lat="14.2626595" lon="121.3969790"/>
 <node id="8037370777" visible="true" version="3" changeset="164764555" timestamp="2025-04-10T11:44:11Z" user="vasqaa" uid="20928010" lat="14.2629553" lon="121.3972127"/>
 <node id="8037370778" visible="true" version="3" changeset="164764555" timestamp="2025-04-10T11:44:11Z" user="vasqaa" uid="20928010" lat="14.2628555" lon="121.3972477"/>
 <node id="8037370779" visible="true" version="3" changeset="164764555" timestamp="2025-04-10T11:44:11Z" user="vasqaa" uid="20928010" lat="14.2628973" lon="121.3973712"/>
 <node id="8037370780" visible="true" version="3" changeset="164764555" timestamp="2025-04-10T11:44:11Z" user="vasqaa" uid="20928010" lat="14.2629961" lon="121.3973355"/>
 <node id="8037370783" visible="true" version="3" changeset="164764555" timestamp="2025-04-10T11:44:11Z" user="vasqaa" uid="20928010" lat="14.2627651" lon="121.3969735"/>
 <node id="8037370784" visible="true" version="3" changeset="164764555" timestamp="2025-04-10T11:44:11Z" user="vasqaa" uid="20928010" lat="14.2628650" lon="121.3969384"/>
 <node id="8037387585" visible="true" version="3" changeset="164764555" timestamp="2025-04-10T11:44:11Z" user="vasqaa" uid="20928010" lat="14.2628577" lon="121.3969228"/>
 <node id="8037387586" visible="true" version="3" changeset="164764555" timestamp="2025-04-10T11:44:11Z" user="vasqaa" uid="20928010" lat="14.2627736" lon="121.3969483"/>
 <node id="8037387589" visible="true" version="3" changeset="164764555" timestamp="2025-04-10T11:44:11Z" user="vasqaa" uid="20928010" lat="14.2627311" lon="121.3967989"/>
 <node id="8037387590" visible="true" version="3" changeset="164764555" timestamp="2025-04-10T11:44:11Z" user="vasqaa" uid="20928010" lat="14.2628151" lon="121.3967734"/>
 <node id="8037387591" visible="true" version="4" changeset="164764555" timestamp="2025-04-10T11:44:11Z" user="vasqaa" uid="20928010" lat="14.2633985" lon="121.3977976"/>
 <node id="8037387592" visible="true" version="4" changeset="164764555" timestamp="2025-04-10T11:44:11Z" user="vasqaa" uid="20928010" lat="14.2635805" lon="121.3983225"/>
 <node id="8037387593" visible="true" version="4" changeset="164764555" timestamp="2025-04-10T11:44:11Z" user="vasqaa" uid="20928010" lat="14.2634675" lon="121.3983642"/>
 <node id="8037387594" visible="true" version="4" changeset="164764555" timestamp="2025-04-10T11:44:11Z" user="vasqaa" uid="20928010" lat="14.2632856" lon="121.3978393"/>
 <node id="8037405347" visible="true" version="3" changeset="152848621" timestamp="2024-06-18T13:17:30Z" user="vasqaa" uid="20928010" lat="14.2613187" lon="121.3984564"/>
 <node id="8037405348" visible="true" version="3" changeset="152848621" timestamp="2024-06-18T13:17:30Z" user="vasqaa" uid="20928010" lat="14.2613044" lon="121.3985141"/>
 <node id="8037405349" visible="true" version="3" changeset="152848621" timestamp="2024-06-18T13:17:30Z" user="vasqaa" uid="20928010" lat="14.2613180" lon="121.3985872"/>
 <node id="8037405352" visible="true" version="3" changeset="152848621" timestamp="2024-06-18T13:17:30Z" user="vasqaa" uid="20928010" lat="14.2619167" lon="121.3989302"/>
 <node id="8037405353" visible="true" version="3" changeset="152848621" timestamp="2024-06-18T13:17:30Z" user="vasqaa" uid="20928010" lat="14.2619674" lon="121.3990240"/>
 <node id="8037405354" visible="true" version="4" changeset="152848621" timestamp="2024-06-18T13:17:30Z" user="vasqaa" uid="20928010" lat="14.2621819" lon="121.3991796"/>
 <node id="8037405355" visible="true" version="4" changeset="152848621" timestamp="2024-06-18T13:17:30Z" user="vasqaa" uid="20928010" lat="14.2623327" lon="121.3991796"/>
 <node id="8037405357" visible="true" version="5" changeset="135433343" timestamp="2023-04-27T15:30:06Z" user="DaDapperMapper" uid="13771183" lat="14.2641043" lon="121.3970708"/>
 <node id="8037405358" visible="true" version="4" changeset="152848621" timestamp="2024-06-18T13:17:30Z" user="vasqaa" uid="20928010" lat="14.2637497" lon="121.3976198"/>
 <node id="8037405359" visible="true" version="3" changeset="152848621" timestamp="2024-06-18T13:17:30Z" user="vasqaa" uid="20928010" lat="14.2640180" lon="121.3978166"/>
 <node id="8037405360" visible="true" version="3" changeset="152848621" timestamp="2024-06-18T13:17:30Z" user="vasqaa" uid="20928010" lat="14.2639226" lon="121.3978504"/>
 <node id="8037405361" visible="true" version="3" changeset="152848621" timestamp="2024-06-18T13:17:30Z" user="vasqaa" uid="20928010" lat="14.2639532" lon="121.3979422"/>
 <node id="8037405362" visible="true" version="3" changeset="152848621" timestamp="2024-06-18T13:17:30Z" user="vasqaa" uid="20928010" lat="14.2640486" lon="121.3979083"/>
 <node id="8037417983" visible="true" version="2" changeset="135433343" timestamp="2023-04-27T15:30:06Z" user="DaDapperMapper" uid="13771183" lat="14.2638113" lon="121.3971455"/>
 <node id="8037417984" visible="true" version="2" changeset="135433343" timestamp="2023-04-27T15:30:06Z" user="DaDapperMapper" uid="13771183" lat="14.2639700" lon="121.3970790"/>
 <node id="8037418692" visible="true" version="2" changeset="152848621" timestamp="2024-06-18T13:17:30Z" user="vasqaa" uid="20928010" lat="14.2640746" lon="121.3981815"/>
 <node id="8037418693" visible="true" version="2" changeset="152848621" timestamp="2024-06-18T13:17:30Z" user="vasqaa" uid="20928010" lat="14.2640144" lon="121.3981993"/>
 <node id="8037418694" visible="true" version="2" changeset="152848621" timestamp="2024-06-18T13:17:30Z" user="vasqaa" uid="20928010" lat="14.2640315" lon="121.3982610"/>
 <node id="8037418695" visible="true" version="2" changeset="152848621" timestamp="2024-06-18T13:17:30Z" user="vasqaa" uid="20928010" lat="14.2640039" lon="121.3982691"/>
 <node id="8037418696" visible="true" version="2" changeset="152848621" timestamp="2024-06-18T13:17:30Z" user="vasqaa" uid="20928010" lat="14.2640271" lon="121.3983529"/>
 <node id="8037418697" visible="true" version="2" changeset="152848621" timestamp="2024-06-18T13:17:30Z" user="vasqaa" uid="20928010" lat="14.2641149" lon="121.3983270"/>
 <node id="8037418698" visible="true" version="2" changeset="152848621" timestamp="2024-06-18T13:17:30Z" user="vasqaa" uid="20928010" lat="14.2640270" lon="121.3982587"/>
 <node id="8037418699" visible="true" version="3" changeset="152848621" timestamp="2024-06-18T13:17:30Z" user="vasqaa" uid="20928010" lat="14.2639690" lon="121.3982774"/>
 <node id="8037418700" visible="true" version="3" changeset="152848621" timestamp="2024-06-18T13:17:30Z" user="vasqaa" uid="20928010" lat="14.2639457" lon="121.3982007"/>
 <node id="8037418701" visible="true" version="2" changeset="152848621" timestamp="2024-06-18T13:17:30Z" user="vasqaa" uid="20928010" lat="14.2640038" lon="121.3981820"/>
 <node id="8037418702" visible="true" version="2" changeset="152848621" timestamp="2024-06-18T13:17:30Z" user="vasqaa" uid="20928010" lat="14.2639935" lon="121.3980992"/>
 <node id="8037418703" visible="true" version="3" changeset="152848621" timestamp="2024-06-18T13:17:30Z" user="vasqaa" uid="20928010" lat="14.2639423" lon="121.3981207"/>
 <node id="8037418704" visible="true" version="3" changeset="152848621" timestamp="2024-06-18T13:17:30Z" user="vasqaa" uid="20928010" lat="14.2638865" lon="121.3979795"/>
 <node id="8037418705" visible="true" version="2" changeset="152848621" timestamp="2024-06-18T13:17:30Z" user="vasqaa" uid="20928010" lat="14.2639644" lon="121.3979467"/>
 <node id="8037418706" visible="true" version="2" changeset="152848621" timestamp="2024-06-18T13:17:30Z" user="vasqaa" uid="20928010" lat="14.2639869" lon="121.3980036"/>
 <node id="8037418707" visible="true" version="2" changeset="152848621" timestamp="2024-06-18T13:17:30Z" user="vasqaa" uid="20928010" lat="14.2639601" lon="121.3980148"/>
 <node id="8037418708" visible="true" version="2" changeset="152848621" timestamp="2024-06-18T13:17:30Z" user="vasqaa" uid="20928010" lat="14.2641132" lon="121.3980953"/>
 <node id="8037418709" visible="true" version="2" changeset="152848621" timestamp="2024-06-18T13:17:30Z" user="vasqaa" uid="20928010" lat="14.2640493" lon="121.3981229"/>
 <node id="8037418710" visible="true" version="2" changeset="152848621" timestamp="2024-06-18T13:17:30Z" user="vasqaa" uid="20928010" lat="14.2639971" lon="121.3979942"/>
 <node id="8037418711" visible="true" version="2" changeset="152848621" timestamp="2024-06-18T13:17:30Z" user="vasqaa" uid="20928010" lat="14.2640609" lon="121.3979666"/>
 <node id="8037418712" visible="true" version="3" changeset="152848621" timestamp="2024-06-18T13:17:30Z" user="vasqaa" uid="20928010" lat="14.2639316" lon="121.3979053"/>
 <node id="8037418713" visible="true" version="3" changeset="152848621" timestamp="2024-06-18T13:17:30Z" user="vasqaa" uid="20928010" lat="14.2638889" lon="121.3979254"/>
 <node id="8037418714" visible="true" version="3" changeset="152848621" timestamp="2024-06-18T13:17:30Z" user="vasqaa" uid="20928010" lat="14.2638579" lon="121.3978551"/>
 <node id="8037418715" visible="true" version="3" changeset="152848621" timestamp="2024-06-18T13:17:30Z" user="vasqaa" uid="20928010" lat="14.2639006" lon="121.3978350"/>
 <node id="8037418716" visible="true" version="4" changeset="135433343" timestamp="2023-04-27T15:30:06Z" user="DaDapperMapper" uid="13771183" lat="14.2639098" lon="121.3973183"/>
 <node id="8037418717" visible="true" version="4" changeset="135433343" timestamp="2023-04-27T15:30:06Z" user="DaDapperMapper" uid="13771183" lat="14.2638396" lon="121.3973541"/>
 <node id="8037418718" visible="true" version="4" changeset="135433343" timestamp="2023-04-27T15:30:06Z" user="DaDapperMapper" uid="13771183" lat="14.2637894" lon="121.3972494"/>
 <node id="8037418719" visible="true" version="4" changeset="135433343" timestamp="2023-04-27T15:30:06Z" user="DaDapperMapper" uid="13771183" lat="14.2638596" lon="121.3972136"/>
 <node id="8037418720" visible="true" version="3" changeset="152848621" timestamp="2024-06-18T13:17:30Z" user="vasqaa" uid="20928010" lat="14.2639331" lon="121.3977540"/>
 <node id="8037418721" visible="true" version="3" changeset="152848621" timestamp="2024-06-18T13:17:30Z" user="vasqaa" uid="20928010" lat="14.2638377" lon="121.3977951"/>
 <node id="8037418722" visible="true" version="3" changeset="152848621" timestamp="2024-06-18T13:17:30Z" user="vasqaa" uid="20928010" lat="14.2638027" lon="121.3977085"/>
 <node id="8037418723" visible="true" version="3" changeset="152848621" timestamp="2024-06-18T13:17:30Z" user="vasqaa" uid="20928010" lat="14.2638444" lon="121.3976906"/>
 <node id="8037418724" visible="true" version="3" changeset="152848621" timestamp="2024-06-18T13:17:30Z" user="vasqaa" uid="20928010" lat="14.2638536" lon="121.3977132"/>
 <node id="8037418725" visible="true" version="3" changeset="152848621" timestamp="2024-06-18T13:17:30Z" user="vasqaa" uid="20928010" lat="14.2639073" lon="121.3976901"/>
 <node id="8037418726" visible="true" version="4" changeset="152848621" timestamp="2024-06-18T13:17:30Z" user="vasqaa" uid="20928010" lat="14.2638136" lon="121.3975380"/>
 <node id="8037418727" visible="true" version="4" changeset="152848621" timestamp="2024-06-18T13:17:30Z" user="vasqaa" uid="20928010" lat="14.2637517" lon="121.3975600"/>
 <node id="8037418728" visible="true" version="4" changeset="152848621" timestamp="2024-06-18T13:17:30Z" user="vasqaa" uid="20928010" lat="14.2637367" lon="121.3975151"/>
 <node id="8037418729" visible="true" version="4" changeset="152848621" timestamp="2024-06-18T13:17:30Z" user="vasqaa" uid="20928010" lat="14.2637986" lon="121.3974930"/>
 <node id="8037418730" visible="true" version="3" changeset="152848621" timestamp="2024-06-18T13:17:30Z" user="vasqaa" uid="20928010" lat="14.2637744" lon="121.3974609"/>
 <node id="8037418731" visible="true" version="3" changeset="152848621" timestamp="2024-06-18T13:17:30Z" user="vasqaa" uid="20928010" lat="14.2637310" lon="121.3974800"/>
 <node id="8037418732" visible="true" version="3" changeset="152848621" timestamp="2024-06-18T13:17:30Z" user="vasqaa" uid="20928010" lat="14.2637085" lon="121.3974254"/>
 <node id="8037418733" visible="true" version="3" changeset="152848621" timestamp="2024-06-18T13:17:30Z" user="vasqaa" uid="20928010" lat="14.2637518" lon="121.3974063"/>
 <node id="8037418734" visible="true" version="3" changeset="152848621" timestamp="2024-06-18T13:17:30Z" user="vasqaa" uid="20928010" lat="14.2637623" lon="121.3973897"/>
 <node id="8037418735" visible="true" version="3" changeset="152848621" timestamp="2024-06-18T13:17:30Z" user="vasqaa" uid="20928010" lat="14.2637060" lon="121.3974115"/>
 <node id="8037418736" visible="true" version="3" changeset="152848621" timestamp="2024-06-18T13:17:30Z" user="vasqaa" uid="20928010" lat="14.2636629" lon="121.3972924"/>
 <node id="8037418737" visible="true" version="3" changeset="152848621" timestamp="2024-06-18T13:17:30Z" user="vasqaa" uid="20928010" lat="14.2637192" lon="121.3972707"/>
 <node id="8037418742" visible="true" version="2" changeset="135433343" timestamp="2023-04-27T15:30:06Z" user="DaDapperMapper" uid="13771183" lat="14.2640492" lon="121.3975382"/>
 <node id="8037418743" visible="true" version="2" changeset="135433343" timestamp="2023-04-27T15:30:06Z" user="DaDapperMapper" uid="13771183" lat="14.2640887" lon="121.3976456"/>
 <node id="8037418744" visible="true" version="2" changeset="135433343" timestamp="2023-04-27T15:30:06Z" user="DaDapperMapper" uid="13771183" lat="14.2640020" lon="121.3976795"/>
 <node id="8037418745" visible="true" version="2" changeset="135433343" timestamp="2023-04-27T15:30:06Z" user="DaDapperMapper" uid="13771183" lat="14.2639626" lon="121.3975721"/>
 <node id="8037418746" visible="true" version="2" changeset="135433343" timestamp="2023-04-27T15:30:06Z" user="DaDapperMapper" uid="13771183" lat="14.2639012" lon="121.3975862"/>
 <node id="8037418747" visible="true" version="2" changeset="135433343" timestamp="2023-04-27T15:30:06Z" user="DaDapperMapper" uid="13771183" lat="14.2639241" lon="121.3976544"/>
 <node id="8037418748" visible="true" version="2" changeset="135433343" timestamp="2023-04-27T15:30:06Z" user="DaDapperMapper" uid="13771183" lat="14.2639695" lon="121.3976381"/>
 <node id="8037418749" visible="true" version="2" changeset="135433343" timestamp="2023-04-27T15:30:06Z" user="DaDapperMapper" uid="13771183" lat="14.2639467" lon="121.3975700"/>
 <node id="8037418750" visible="true" version="2" changeset="135433343" timestamp="2023-04-27T15:30:06Z" user="DaDapperMapper" uid="13771183" lat="14.2639755" lon="121.3976585"/>
 <node id="8037418751" visible="true" version="2" changeset="135433343" timestamp="2023-04-27T15:30:06Z" user="DaDapperMapper" uid="13771183" lat="14.2639393" lon="121.3976725"/>
 <node id="8037418752" visible="true" version="2" changeset="135433343" timestamp="2023-04-27T15:30:06Z" user="DaDapperMapper" uid="13771183" lat="14.2639553" lon="121.3977161"/>
 <node id="8037418753" visible="true" version="2" changeset="135433343" timestamp="2023-04-27T15:30:06Z" user="DaDapperMapper" uid="13771183" lat="14.2639914" lon="121.3977020"/>
 <node id="8037431685" visible="true" version="2" changeset="135433343" timestamp="2023-04-27T15:30:06Z" user="DaDapperMapper" uid="13771183" lat="14.2639290" lon="121.3969748"/>
 <node id="8037431686" visible="true" version="2" changeset="135433343" timestamp="2023-04-27T15:30:06Z" user="DaDapperMapper" uid="13771183" lat="14.2637703" lon="121.3970413"/>
 <node id="8037431687" visible="true" version="2" changeset="102447065" timestamp="2021-04-07T05:20:27Z" user="ShawIsland" uid="11387832" lat="14.2634287" lon="121.3966616"/>
 <node id="8037431688" visible="true" version="2" changeset="102447065" timestamp="2021-04-07T05:20:27Z" user="ShawIsland" uid="11387832" lat="14.2634469" lon="121.3967089"/>
 <node id="8037431689" visible="true" version="2" changeset="102447065" timestamp="2021-04-07T05:20:27Z" user="ShawIsland" uid="11387832" lat="14.2633915" lon="121.3967317"/>
 <node id="8037431690" visible="true" version="2" changeset="102447065" timestamp="2021-04-07T05:20:27Z" user="ShawIsland" uid="11387832" lat="14.2633732" lon="121.3966845"/>
 <node id="8037431691" visible="true" version="1" changeset="92904331" timestamp="2020-10-22T14:56:13Z" user="ShilaMariia" uid="10938067" lat="14.2635726" lon="121.3966375"/>
 <node id="8037431692" visible="true" version="1" changeset="92904331" timestamp="2020-10-22T14:56:13Z" user="ShilaMariia" uid="10938067" lat="14.2634819" lon="121.3966740"/>
 <node id="8037431693" visible="true" version="1" changeset="92904331" timestamp="2020-10-22T14:56:13Z" user="ShilaMariia" uid="10938067" lat="14.2634457" lon="121.3965782"/>
 <node id="8037431694" visible="true" version="1" changeset="92904331" timestamp="2020-10-22T14:56:13Z" user="ShilaMariia" uid="10938067" lat="14.2635364" lon="121.3965417"/>
 <node id="8039457135" visible="true" version="1" changeset="92944696" timestamp="2020-10-23T10:45:11Z" user="ShilaMariia" uid="10938067" lat="14.2636740" lon="121.3987021"/>
 <node id="8039457136" visible="true" version="1" changeset="92944696" timestamp="2020-10-23T10:45:11Z" user="ShilaMariia" uid="10938067" lat="14.2637817" lon="121.3990019"/>
 <node id="8039457137" visible="true" version="1" changeset="92944696" timestamp="2020-10-23T10:45:11Z" user="ShilaMariia" uid="10938067" lat="14.2638845" lon="121.3989626"/>
 <node id="8039457138" visible="true" version="1" changeset="92944696" timestamp="2020-10-23T10:45:11Z" user="ShilaMariia" uid="10938067" lat="14.2637768" lon="121.3986627"/>
 <node id="8039457139" visible="true" version="2" changeset="107414243" timestamp="2021-07-05T04:33:25Z" user="vam_shi" uid="11585588" lat="14.2634542" lon="121.3988001"/>
 <node id="8039457140" visible="true" version="2" changeset="107414243" timestamp="2021-07-05T04:33:25Z" user="vam_shi" uid="11585588" lat="14.2634965" lon="121.3989188"/>
 <node id="8039457141" visible="true" version="2" changeset="107414243" timestamp="2021-07-05T04:33:25Z" user="vam_shi" uid="11585588" lat="14.2634182" lon="121.3989486"/>
 <node id="8039457142" visible="true" version="2" changeset="107414243" timestamp="2021-07-05T04:33:25Z" user="vam_shi" uid="11585588" lat="14.2633758" lon="121.3988299"/>
 <node id="8039457143" visible="true" version="2" changeset="107414243" timestamp="2021-07-05T04:33:25Z" user="vam_shi" uid="11585588" lat="14.2634912" lon="121.3989484"/>
 <node id="8039457144" visible="true" version="2" changeset="107414243" timestamp="2021-07-05T04:33:25Z" user="vam_shi" uid="11585588" lat="14.2634441" lon="121.3989687"/>
 <node id="8039457145" visible="true" version="2" changeset="107414243" timestamp="2021-07-05T04:33:25Z" user="vam_shi" uid="11585588" lat="14.2634776" lon="121.3990518"/>
 <node id="8039457146" visible="true" version="2" changeset="107414243" timestamp="2021-07-05T04:33:25Z" user="vam_shi" uid="11585588" lat="14.2635247" lon="121.3990315"/>
 <node id="8039457147" visible="true" version="2" changeset="99497449" timestamp="2021-02-18T06:42:26Z" user="ShilaMariia" uid="10938067" lat="14.2633570" lon="121.3988658"/>
 <node id="8039457148" visible="true" version="2" changeset="99497449" timestamp="2021-02-18T06:42:26Z" user="ShilaMariia" uid="10938067" lat="14.2633262" lon="121.3988792"/>
 <node id="8039457149" visible="true" version="2" changeset="99497449" timestamp="2021-02-18T06:42:26Z" user="ShilaMariia" uid="10938067" lat="14.2633038" lon="121.3988890"/>
 <node id="8039457150" visible="true" version="2" changeset="99497449" timestamp="2021-02-18T06:42:26Z" user="ShilaMariia" uid="10938067" lat="14.2634269" lon="121.3991887"/>
 <node id="8039457151" visible="true" version="2" changeset="99497449" timestamp="2021-02-18T06:42:26Z" user="ShilaMariia" uid="10938067" lat="14.2634801" lon="121.3991655"/>
 <node id="8039457152" visible="true" version="2" changeset="107414243" timestamp="2021-07-05T04:33:25Z" user="vam_shi" uid="11585588" lat="14.2635612" lon="121.3990478"/>
 <node id="8039457153" visible="true" version="2" changeset="107414243" timestamp="2021-07-05T04:33:25Z" user="vam_shi" uid="11585588" lat="14.2635741" lon="121.3990799"/>
 <node id="8039457154" visible="true" version="2" changeset="107414243" timestamp="2021-07-05T04:33:25Z" user="vam_shi" uid="11585588" lat="14.2636430" lon="121.3990503"/>
 <node id="8039457155" visible="true" version="2" changeset="107414243" timestamp="2021-07-05T04:33:25Z" user="vam_shi" uid="11585588" lat="14.2636301" lon="121.3990182"/>
 <node id="8039457156" visible="true" version="2" changeset="107414243" timestamp="2021-07-05T04:33:25Z" user="vam_shi" uid="11585588" lat="14.2636263" lon="121.3990079"/>
 <node id="8039457157" visible="true" version="2" changeset="107414243" timestamp="2021-07-05T04:33:25Z" user="vam_shi" uid="11585588" lat="14.2635514" lon="121.3990362"/>
 <node id="8039457158" visible="true" version="2" changeset="107414243" timestamp="2021-07-05T04:33:25Z" user="vam_shi" uid="11585588" lat="14.2635197" lon="121.3989465"/>
 <node id="8039457159" visible="true" version="2" changeset="107414243" timestamp="2021-07-05T04:33:25Z" user="vam_shi" uid="11585588" lat="14.2635945" lon="121.3989182"/>
 <node id="8039457160" visible="true" version="2" changeset="107414243" timestamp="2021-07-05T04:33:25Z" user="vam_shi" uid="11585588" lat="14.2635844" lon="121.3988807"/>
 <node id="8039457161" visible="true" version="2" changeset="107414243" timestamp="2021-07-05T04:33:25Z" user="vam_shi" uid="11585588" lat="14.2635173" lon="121.3989091"/>
 <node id="8039457162" visible="true" version="2" changeset="107414243" timestamp="2021-07-05T04:33:25Z" user="vam_shi" uid="11585588" lat="14.2634772" lon="121.3988081"/>
 <node id="8039457163" visible="true" version="2" changeset="107414243" timestamp="2021-07-05T04:33:25Z" user="vam_shi" uid="11585588" lat="14.2635443" lon="121.3987797"/>
 <node id="8039457164" visible="true" version="1" changeset="92944696" timestamp="2020-10-23T10:45:11Z" user="ShilaMariia" uid="10938067" lat="14.2638042" lon="121.3986120"/>
 <node id="8039457165" visible="true" version="1" changeset="92944696" timestamp="2020-10-23T10:45:11Z" user="ShilaMariia" uid="10938067" lat="14.2638541" lon="121.3987546"/>
 <node id="8039457166" visible="true" version="1" changeset="92944696" timestamp="2020-10-23T10:45:11Z" user="ShilaMariia" uid="10938067" lat="14.2639346" lon="121.3987247"/>
 <node id="8039457167" visible="true" version="1" changeset="92944696" timestamp="2020-10-23T10:45:11Z" user="ShilaMariia" uid="10938067" lat="14.2638846" lon="121.3985820"/>
 <node id="8039470486" visible="true" version="1" changeset="92944696" timestamp="2020-10-23T10:45:11Z" user="ShilaMariia" uid="10938067" lat="14.2642039" lon="121.3985270"/>
 <node id="8039470491" visible="true" version="1" changeset="92944696" timestamp="2020-10-23T10:45:11Z" user="ShilaMariia" uid="10938067" lat="14.2640462" lon="121.3989302"/>
 <node id="8039470492" visible="true" version="1" changeset="92944696" timestamp="2020-10-23T10:45:11Z" user="ShilaMariia" uid="10938067" lat="14.2639957" lon="121.3989518"/>
 <node id="8039470493" visible="true" version="1" changeset="92944696" timestamp="2020-10-23T10:45:11Z" user="ShilaMariia" uid="10938067" lat="14.2640359" lon="121.3990515"/>
 <node id="8039470494" visible="true" version="1" changeset="92944696" timestamp="2020-10-23T10:45:11Z" user="ShilaMariia" uid="10938067" lat="14.2640863" lon="121.3990298"/>
 <node id="8039470495" visible="true" version="1" changeset="92944696" timestamp="2020-10-23T10:45:11Z" user="ShilaMariia" uid="10938067" lat="14.2640313" lon="121.3990526"/>
 <node id="8039470496" visible="true" version="1" changeset="92944696" timestamp="2020-10-23T10:45:11Z" user="ShilaMariia" uid="10938067" lat="14.2639846" lon="121.3990752"/>
 <node id="8039470497" visible="true" version="1" changeset="92944696" timestamp="2020-10-23T10:45:11Z" user="ShilaMariia" uid="10938067" lat="14.2639607" lon="121.3990225"/>
 <node id="8039470498" visible="true" version="1" changeset="92944696" timestamp="2020-10-23T10:45:11Z" user="ShilaMariia" uid="10938067" lat="14.2640074" lon="121.3989999"/>
 <node id="8208734283" visible="true" version="2" changeset="98058592" timestamp="2021-01-24T14:09:56Z" user="ianlopez1115" uid="44938" lat="14.2707661" lon="121.4018413"/>
 <node id="8226992989" visible="true" version="5" changeset="133918478" timestamp="2023-03-20T23:07:08Z" user="GOwin" uid="1041828" lat="14.2498331" lon="121.4028253"/>
 <node id="8226992993" visible="true" version="6" changeset="151654077" timestamp="2024-05-22T03:16:34Z" user="vasqaa" uid="20928010" lat="14.2503336" lon="121.4026681"/>
 <node id="8227348916" visible="true" version="5" changeset="133918478" timestamp="2023-03-20T23:07:08Z" user="GOwin" uid="1041828" lat="14.2529898" lon="121.4020499"/>
 <node id="8256719309" visible="true" version="8" changeset="183367866" timestamp="2026-05-29T17:51:42Z" user="VMPanes" uid="1488198" lat="14.2553208" lon="121.4002477"/>
 <node id="8269728957" visible="true" version="8" changeset="128876523" timestamp="2022-11-14T07:47:05Z" user="Timmy_Tesseract" uid="5653955" lat="14.2577737" lon="121.3983665"/>
 <node id="8273264757" visible="true" version="10" changeset="162245514" timestamp="2025-02-07T13:24:42Z" user="vasqaa" uid="20928010" lat="14.2571814" lon="121.3987296"/>
 <node id="8273264759" visible="true" version="9" changeset="162245514" timestamp="2025-02-07T13:24:42Z" user="vasqaa" uid="20928010" lat="14.2564680" lon="121.3992789"/>
 <node id="8273264762" visible="true" version="8" changeset="183367866" timestamp="2026-05-29T17:51:42Z" user="VMPanes" uid="1488198" lat="14.2552897" lon="121.4002888"/>
 <node id="8273441099" visible="true" version="4" changeset="135433343" timestamp="2023-04-27T15:30:06Z" user="DaDapperMapper" uid="13771183" lat="14.2639303" lon="121.3966936"/>
 <node id="8273441103" visible="true" version="5" changeset="135433343" timestamp="2023-04-27T15:30:06Z" user="DaDapperMapper" uid="13771183" lat="14.2643987" lon="121.3964547"/>
 <node id="8273451428" visible="true" version="3" changeset="166355741" timestamp="2025-05-16T15:00:56Z" user="GubanDesert" uid="21272439" lat="14.2625879" lon="121.3996877"/>
 <node id="8273451431" visible="true" version="5" changeset="162245514" timestamp="2025-02-07T13:24:42Z" user="vasqaa" uid="20928010" lat="14.2576102" lon="121.3961835"/>
 <node id="8273451438" visible="true" version="4" changeset="162245514" timestamp="2025-02-07T13:24:42Z" user="vasqaa" uid="20928010" lat="14.2582567" lon="121.3969877"/>
 <node id="8305751413" visible="true" version="5" changeset="162245514" timestamp="2025-02-07T13:24:42Z" user="vasqaa" uid="20928010" lat="14.2591461" lon="121.3979074"/>
 <node id="8357376804" visible="true" version="1" changeset="98058592" timestamp="2021-01-24T14:09:56Z" user="ianlopez1115" uid="44938" lat="14.2668240" lon="121.3935399"/>
 <node id="8357376816" visible="true" version="1" changeset="98058592" timestamp="2021-01-24T14:09:56Z" user="ianlopez1115" uid="44938" lat="14.2795481" lon="121.3852572"/>
 <node id="8357388617" visible="true" version="1" changeset="98058592" timestamp="2021-01-24T14:09:56Z" user="ianlopez1115" uid="44938" lat="14.2793646" lon="121.3852323"/>
 <node id="8357388618" visible="true" version="1" changeset="98058592" timestamp="2021-01-24T14:09:56Z" user="ianlopez1115" uid="44938" lat="14.2767512" lon="121.3856542"/>
 <node id="8357388619" visible="true" version="1" changeset="98058592" timestamp="2021-01-24T14:09:56Z" user="ianlopez1115" uid="44938" lat="14.2755815" lon="121.3858795"/>
 <node id="8357388620" visible="true" version="1" changeset="98058592" timestamp="2021-01-24T14:09:56Z" user="ianlopez1115" uid="44938" lat="14.2742610" lon="121.3862228"/>
 <node id="8357388621" visible="true" version="1" changeset="98058592" timestamp="2021-01-24T14:09:56Z" user="ianlopez1115" uid="44938" lat="14.2734500" lon="121.3863516"/>
 <node id="8357388622" visible="true" version="1" changeset="98058592" timestamp="2021-01-24T14:09:56Z" user="ianlopez1115" uid="44938" lat="14.2731433" lon="121.3865018"/>
 <node id="8357388623" visible="true" version="1" changeset="98058592" timestamp="2021-01-24T14:09:56Z" user="ianlopez1115" uid="44938" lat="14.2726338" lon="121.3865018"/>
 <node id="8357388624" visible="true" version="1" changeset="98058592" timestamp="2021-01-24T14:09:56Z" user="ianlopez1115" uid="44938" lat="14.2709130" lon="121.3870650"/>
 <node id="8357388625" visible="true" version="1" changeset="98058592" timestamp="2021-01-24T14:09:56Z" user="ianlopez1115" uid="44938" lat="14.2708090" lon="121.3868183"/>
 <node id="8357388626" visible="true" version="1" changeset="98058592" timestamp="2021-01-24T14:09:56Z" user="ianlopez1115" uid="44938" lat="14.2692857" lon="121.3874352"/>
 <node id="8357388627" visible="true" version="1" changeset="98058592" timestamp="2021-01-24T14:09:56Z" user="ianlopez1115" uid="44938" lat="14.2692233" lon="121.3873011"/>
 <node id="8357388628" visible="true" version="1" changeset="98058592" timestamp="2021-01-24T14:09:56Z" user="ianlopez1115" uid="44938" lat="14.2689478" lon="121.3872367"/>
 <node id="8357388629" visible="true" version="1" changeset="98058592" timestamp="2021-01-24T14:09:56Z" user="ianlopez1115" uid="44938" lat="14.2680484" lon="121.3876015"/>
 <node id="8357388630" visible="true" version="1" changeset="98058592" timestamp="2021-01-24T14:09:56Z" user="ianlopez1115" uid="44938" lat="14.2678820" lon="121.3875049"/>
 <node id="8357388631" visible="true" version="1" changeset="98058592" timestamp="2021-01-24T14:09:56Z" user="ianlopez1115" uid="44938" lat="14.2668968" lon="121.3879877"/>
 <node id="8357388632" visible="true" version="1" changeset="98058592" timestamp="2021-01-24T14:09:56Z" user="ianlopez1115" uid="44938" lat="14.2661611" lon="121.3881621"/>
 <node id="8357388633" visible="true" version="1" changeset="98058592" timestamp="2021-01-24T14:09:56Z" user="ianlopez1115" uid="44938" lat="14.2646326" lon="121.3890982"/>
 <node id="8357388634" visible="true" version="1" changeset="98058592" timestamp="2021-01-24T14:09:56Z" user="ianlopez1115" uid="44938" lat="14.2646326" lon="121.3897097"/>
 <node id="8357388635" visible="true" version="1" changeset="98058592" timestamp="2021-01-24T14:09:56Z" user="ianlopez1115" uid="44938" lat="14.2644819" lon="121.3900584"/>
 <node id="8357388636" visible="true" version="1" changeset="98058592" timestamp="2021-01-24T14:09:56Z" user="ianlopez1115" uid="44938" lat="14.2645391" lon="121.3906914"/>
 <node id="8357388637" visible="true" version="1" changeset="98058592" timestamp="2021-01-24T14:09:56Z" user="ianlopez1115" uid="44938" lat="14.2628390" lon="121.3913351"/>
 <node id="8357388667" visible="true" version="2" changeset="152848621" timestamp="2024-06-18T13:17:30Z" user="vasqaa" uid="20928010" lat="14.2638830" lon="121.3977550">
  <tag k="man_made" v="tower"/>
  <tag k="tower:construction" v="dish"/>
  <tag k="tower:type" v="communication"/>
 </node>
 <node id="8357388668" visible="true" version="2" changeset="152848621" timestamp="2024-06-18T13:17:30Z" user="vasqaa" uid="20928010" lat="14.2638369" lon="121.3977275">
  <tag k="man_made" v="tower"/>
  <tag k="tower:construction" v="dish"/>
  <tag k="tower:type" v="communication"/>
 </node>
 <node id="8357388669" visible="true" version="2" changeset="152848621" timestamp="2024-06-18T13:17:30Z" user="vasqaa" uid="20928010" lat="14.2638031" lon="121.3976705">
  <tag k="man_made" v="tower"/>
  <tag k="tower:construction" v="dish"/>
  <tag k="tower:type" v="communication"/>
 </node>
 <node id="8357388670" visible="true" version="3" changeset="152848621" timestamp="2024-06-18T13:17:30Z" user="vasqaa" uid="20928010" lat="14.2638875" lon="121.3976646"/>
 <node id="8357388671" visible="true" version="3" changeset="152848621" timestamp="2024-06-18T13:17:30Z" user="vasqaa" uid="20928010" lat="14.2638017" lon="121.3976962"/>
 <node id="8357388672" visible="true" version="3" changeset="152848621" timestamp="2024-06-18T13:17:30Z" user="vasqaa" uid="20928010" lat="14.2637757" lon="121.3976209"/>
 <node id="8357388673" visible="true" version="3" changeset="152848621" timestamp="2024-06-18T13:17:30Z" user="vasqaa" uid="20928010" lat="14.2638615" lon="121.3975894"/>
 <node id="8357388674" visible="true" version="2" changeset="152848621" timestamp="2024-06-18T13:17:30Z" user="vasqaa" uid="20928010" lat="14.2638258" lon="121.3976611">
  <tag k="man_made" v="tower"/>
  <tag k="tower:construction" v="dish"/>
  <tag k="tower:type" v="communication"/>
 </node>
 <node id="8357388675" visible="true" version="2" changeset="152848621" timestamp="2024-06-18T13:17:30Z" user="vasqaa" uid="20928010" lat="14.2638583" lon="121.3976464">
  <tag k="man_made" v="tower"/>
  <tag k="tower:construction" v="dish"/>
  <tag k="tower:type" v="communication"/>
 </node>
 <node id="8357388676" visible="true" version="2" changeset="152848621" timestamp="2024-06-18T13:17:30Z" user="vasqaa" uid="20928010" lat="14.2637901" lon="121.3976430">
  <tag k="man_made" v="tower"/>
  <tag k="tower:construction" v="dish"/>
  <tag k="tower:type" v="communication"/>
 </node>
 <node id="8357388677" visible="true" version="1" changeset="98058592" timestamp="2021-01-24T14:09:56Z" user="ianlopez1115" uid="44938" lat="14.2666512" lon="121.3955086"/>
 <node id="8357388678" visible="true" version="1" changeset="98058592" timestamp="2021-01-24T14:09:56Z" user="ianlopez1115" uid="44938" lat="14.2659766" lon="121.3946557"/>
 <node id="8357388679" visible="true" version="1" changeset="98058592" timestamp="2021-01-24T14:09:56Z" user="ianlopez1115" uid="44938" lat="14.2656640" lon="121.3940416"/>
 <node id="8357388680" visible="true" version="1" changeset="98058592" timestamp="2021-01-24T14:09:56Z" user="ianlopez1115" uid="44938" lat="14.2664718" lon="121.3937344"/>
 <node id="8357388681" visible="true" version="1" changeset="98058592" timestamp="2021-01-24T14:09:56Z" user="ianlopez1115" uid="44938" lat="14.2652201" lon="121.3942105"/>
 <node id="8357388682" visible="true" version="1" changeset="98058592" timestamp="2021-01-24T14:09:56Z" user="ianlopez1115" uid="44938" lat="14.2650746" lon="121.3939476"/>
 <node id="8357388683" visible="true" version="1" changeset="98058592" timestamp="2021-01-24T14:09:56Z" user="ianlopez1115" uid="44938" lat="14.2645547" lon="121.3941729"/>
 <node id="8357388684" visible="true" version="1" changeset="98058592" timestamp="2021-01-24T14:09:56Z" user="ianlopez1115" uid="44938" lat="14.2646170" lon="121.3944089"/>
 <node id="8357388685" visible="true" version="1" changeset="98058592" timestamp="2021-01-24T14:09:56Z" user="ianlopez1115" uid="44938" lat="14.2642947" lon="121.3945752"/>
 <node id="8357388686" visible="true" version="1" changeset="98058592" timestamp="2021-01-24T14:09:56Z" user="ianlopez1115" uid="44938" lat="14.2646170" lon="121.3953370"/>
 <node id="8357388687" visible="true" version="1" changeset="98058592" timestamp="2021-01-24T14:09:56Z" user="ianlopez1115" uid="44938" lat="14.2650177" lon="121.3951547"/>
 <node id="8357388688" visible="true" version="1" changeset="98058592" timestamp="2021-01-24T14:09:56Z" user="ianlopez1115" uid="44938" lat="14.2667330" lon="121.3957044"/>
 <node id="8357388689" visible="true" version="1" changeset="98058592" timestamp="2021-01-24T14:09:56Z" user="ianlopez1115" uid="44938" lat="14.2652334" lon="121.3956965"/>
 <node id="8357388690" visible="true" version="2" changeset="99499556" timestamp="2021-02-18T07:09:36Z" user="ShilaMariia" uid="10938067" lat="14.2639310" lon="121.3963711"/>
 <node id="8433852102" visible="true" version="1" changeset="99495084" timestamp="2021-02-18T06:11:37Z" user="ShilaMariia" uid="10938067" lat="14.2638416" lon="121.3991652"/>
 <node id="8433852103" visible="true" version="1" changeset="99495084" timestamp="2021-02-18T06:11:37Z" user="ShilaMariia" uid="10938067" lat="14.2638196" lon="121.3991834"/>
 <node id="8433852104" visible="true" version="1" changeset="99495084" timestamp="2021-02-18T06:11:37Z" user="ShilaMariia" uid="10938067" lat="14.2638189" lon="121.3991837"/>
 <node id="8433852105" visible="true" version="1" changeset="99495084" timestamp="2021-02-18T06:11:37Z" user="ShilaMariia" uid="10938067" lat="14.2637912" lon="121.3991167"/>
 <node id="8433852106" visible="true" version="1" changeset="99495084" timestamp="2021-02-18T06:11:37Z" user="ShilaMariia" uid="10938067" lat="14.2638169" lon="121.3991054"/>
 <node id="8433852107" visible="true" version="1" changeset="99495084" timestamp="2021-02-18T06:11:37Z" user="ShilaMariia" uid="10938067" lat="14.2638346" lon="121.3992197"/>
 <node id="8433852108" visible="true" version="1" changeset="99495084" timestamp="2021-02-18T06:11:37Z" user="ShilaMariia" uid="10938067" lat="14.2638995" lon="121.3991912"/>
 <node id="8433852109" visible="true" version="1" changeset="99495084" timestamp="2021-02-18T06:11:37Z" user="ShilaMariia" uid="10938067" lat="14.2638815" lon="121.3991477"/>
 <node id="8433852110" visible="true" version="1" changeset="99495084" timestamp="2021-02-18T06:11:37Z" user="ShilaMariia" uid="10938067" lat="14.2639268" lon="121.3991892"/>
 <node id="8433852111" visible="true" version="1" changeset="99495084" timestamp="2021-02-18T06:11:37Z" user="ShilaMariia" uid="10938067" lat="14.2638371" lon="121.3992254"/>
 <node id="8433852112" visible="true" version="1" changeset="99495084" timestamp="2021-02-18T06:11:37Z" user="ShilaMariia" uid="10938067" lat="14.2638567" lon="121.3992771"/>
 <node id="8433852113" visible="true" version="1" changeset="99495084" timestamp="2021-02-18T06:11:37Z" user="ShilaMariia" uid="10938067" lat="14.2639464" lon="121.3992409"/>
 <node id="8433852114" visible="true" version="1" changeset="99495084" timestamp="2021-02-18T06:11:37Z" user="ShilaMariia" uid="10938067" lat="14.2637113" lon="121.3991561"/>
 <node id="8433852115" visible="true" version="1" changeset="99495084" timestamp="2021-02-18T06:11:37Z" user="ShilaMariia" uid="10938067" lat="14.2637425" lon="121.3992433"/>
 <node id="8433852116" visible="true" version="1" changeset="99495084" timestamp="2021-02-18T06:11:37Z" user="ShilaMariia" uid="10938067" lat="14.2638086" lon="121.3992181"/>
 <node id="8433854617" visible="true" version="1" changeset="99495084" timestamp="2021-02-18T06:11:37Z" user="ShilaMariia" uid="10938067" lat="14.2637774" lon="121.3991310"/>
 <node id="8433854618" visible="true" version="1" changeset="99495084" timestamp="2021-02-18T06:11:37Z" user="ShilaMariia" uid="10938067" lat="14.2637312" lon="121.3990552"/>
 <node id="8433854619" visible="true" version="1" changeset="99495084" timestamp="2021-02-18T06:11:37Z" user="ShilaMariia" uid="10938067" lat="14.2636623" lon="121.3990847"/>
 <node id="8433854620" visible="true" version="1" changeset="99495084" timestamp="2021-02-18T06:11:37Z" user="ShilaMariia" uid="10938067" lat="14.2636890" lon="121.3991511"/>
 <node id="8433854621" visible="true" version="1" changeset="99495084" timestamp="2021-02-18T06:11:37Z" user="ShilaMariia" uid="10938067" lat="14.2637579" lon="121.3991216"/>
 <node id="8433854622" visible="true" version="1" changeset="99495084" timestamp="2021-02-18T06:11:37Z" user="ShilaMariia" uid="10938067" lat="14.2635224" lon="121.3992471"/>
 <node id="8433854623" visible="true" version="1" changeset="99495084" timestamp="2021-02-18T06:11:37Z" user="ShilaMariia" uid="10938067" lat="14.2634790" lon="121.3992715"/>
 <node id="8433854624" visible="true" version="1" changeset="99495084" timestamp="2021-02-18T06:11:37Z" user="ShilaMariia" uid="10938067" lat="14.2635138" lon="121.3993374"/>
 <node id="8433854625" visible="true" version="1" changeset="99495084" timestamp="2021-02-18T06:11:37Z" user="ShilaMariia" uid="10938067" lat="14.2635572" lon="121.3993130"/>
 <node id="8433854630" visible="true" version="1" changeset="99495084" timestamp="2021-02-18T06:11:37Z" user="ShilaMariia" uid="10938067" lat="14.2636608" lon="121.3993115"/>
 <node id="8433854631" visible="true" version="1" changeset="99495084" timestamp="2021-02-18T06:11:37Z" user="ShilaMariia" uid="10938067" lat="14.2636396" lon="121.3993223"/>
 <node id="8433854632" visible="true" version="1" changeset="99495084" timestamp="2021-02-18T06:11:37Z" user="ShilaMariia" uid="10938067" lat="14.2636235" lon="121.3992887"/>
 <node id="8433854633" visible="true" version="1" changeset="99495084" timestamp="2021-02-18T06:11:37Z" user="ShilaMariia" uid="10938067" lat="14.2637016" lon="121.3992487"/>
 <node id="8433854634" visible="true" version="1" changeset="99495084" timestamp="2021-02-18T06:11:37Z" user="ShilaMariia" uid="10938067" lat="14.2637167" lon="121.3992802"/>
 <node id="8433854635" visible="true" version="1" changeset="99495084" timestamp="2021-02-18T06:11:37Z" user="ShilaMariia" uid="10938067" lat="14.2636711" lon="121.3993329"/>
 <node id="8433854636" visible="true" version="1" changeset="99495084" timestamp="2021-02-18T06:11:37Z" user="ShilaMariia" uid="10938067" lat="14.2637280" lon="121.3993037"/>
 <node id="8433854641" visible="true" version="1" changeset="99495084" timestamp="2021-02-18T06:11:37Z" user="ShilaMariia" uid="10938067" lat="14.2636953" lon="121.3992210"/>
 <node id="8433854642" visible="true" version="1" changeset="99495084" timestamp="2021-02-18T06:11:37Z" user="ShilaMariia" uid="10938067" lat="14.2637040" lon="121.3992383"/>
 <node id="8433854643" visible="true" version="1" changeset="99495084" timestamp="2021-02-18T06:11:37Z" user="ShilaMariia" uid="10938067" lat="14.2636470" lon="121.3992686"/>
 <node id="8433854644" visible="true" version="1" changeset="99495084" timestamp="2021-02-18T06:11:37Z" user="ShilaMariia" uid="10938067" lat="14.2636376" lon="121.3992500"/>
 <node id="8433854645" visible="true" version="1" changeset="99495084" timestamp="2021-02-18T06:11:37Z" user="ShilaMariia" uid="10938067" lat="14.2636957" lon="121.3992208"/>
 <node id="8433854646" visible="true" version="1" changeset="99495084" timestamp="2021-02-18T06:11:37Z" user="ShilaMariia" uid="10938067" lat="14.2636134" lon="121.3992629"/>
 <node id="8433854647" visible="true" version="1" changeset="99495084" timestamp="2021-02-18T06:11:37Z" user="ShilaMariia" uid="10938067" lat="14.2635886" lon="121.3992133"/>
 <node id="8433854648" visible="true" version="1" changeset="99495084" timestamp="2021-02-18T06:11:37Z" user="ShilaMariia" uid="10938067" lat="14.2636702" lon="121.3991699"/>
 <node id="8433901730" visible="true" version="1" changeset="99496591" timestamp="2021-02-18T06:31:20Z" user="ShilaMariia" uid="10938067" lat="14.2633433" lon="121.4005177"/>
 <node id="8433929092" visible="true" version="1" changeset="99497449" timestamp="2021-02-18T06:42:26Z" user="ShilaMariia" uid="10938067" lat="14.2630561" lon="121.3990148"/>
 <node id="8433929093" visible="true" version="1" changeset="99497449" timestamp="2021-02-18T06:42:26Z" user="ShilaMariia" uid="10938067" lat="14.2630788" lon="121.3990597"/>
 <node id="8433929094" visible="true" version="1" changeset="99497449" timestamp="2021-02-18T06:42:26Z" user="ShilaMariia" uid="10938067" lat="14.2631171" lon="121.3990391"/>
 <node id="8433929095" visible="true" version="1" changeset="99497449" timestamp="2021-02-18T06:42:26Z" user="ShilaMariia" uid="10938067" lat="14.2630944" lon="121.3989942"/>
 <node id="8433929096" visible="true" version="1" changeset="99497449" timestamp="2021-02-18T06:42:26Z" user="ShilaMariia" uid="10938067" lat="14.2631001" lon="121.3989891"/>
 <node id="8433929097" visible="true" version="1" changeset="99497449" timestamp="2021-02-18T06:42:26Z" user="ShilaMariia" uid="10938067" lat="14.2631268" lon="121.3990407"/>
 <node id="8433929098" visible="true" version="1" changeset="99497449" timestamp="2021-02-18T06:42:26Z" user="ShilaMariia" uid="10938067" lat="14.2631639" lon="121.3990203"/>
 <node id="8433929099" visible="true" version="1" changeset="99497449" timestamp="2021-02-18T06:42:26Z" user="ShilaMariia" uid="10938067" lat="14.2631373" lon="121.3989687"/>
 <node id="8433929100" visible="true" version="1" changeset="99497449" timestamp="2021-02-18T06:42:26Z" user="ShilaMariia" uid="10938067" lat="14.2630308" lon="121.3990070"/>
 <node id="8433929101" visible="true" version="1" changeset="99497449" timestamp="2021-02-18T06:42:26Z" user="ShilaMariia" uid="10938067" lat="14.2630607" lon="121.3990707"/>
 <node id="8433929102" visible="true" version="1" changeset="99497449" timestamp="2021-02-18T06:42:26Z" user="ShilaMariia" uid="10938067" lat="14.2629897" lon="121.3991062"/>
 <node id="8433929103" visible="true" version="1" changeset="99497449" timestamp="2021-02-18T06:42:26Z" user="ShilaMariia" uid="10938067" lat="14.2629598" lon="121.3990425"/>
 <node id="8893795594" visible="true" version="6" changeset="162245514" timestamp="2025-02-07T13:24:42Z" user="vasqaa" uid="20928010" lat="14.2555127" lon="121.4000625"/>
 <node id="8893795595" visible="true" version="6" changeset="162245514" timestamp="2025-02-07T13:24:42Z" user="vasqaa" uid="20928010" lat="14.2582494" lon="121.3982105"/>
 <node id="8893820453" visible="true" version="3" changeset="152848621" timestamp="2024-06-18T13:17:30Z" user="vasqaa" uid="20928010" lat="14.2614145" lon="121.3976662"/>
 <node id="8893820454" visible="true" version="3" changeset="152848621" timestamp="2024-06-18T13:17:30Z" user="vasqaa" uid="20928010" lat="14.2612110" lon="121.3974409"/>
 <node id="8893820467" visible="true" version="2" changeset="152848621" timestamp="2024-06-18T13:17:30Z" user="vasqaa" uid="20928010" lat="14.2617393" lon="121.3976811"/>
 <node id="8893820468" visible="true" version="2" changeset="152848621" timestamp="2024-06-18T13:17:30Z" user="vasqaa" uid="20928010" lat="14.2616626" lon="121.3977120"/>
 <node id="8893820469" visible="true" version="2" changeset="152848621" timestamp="2024-06-18T13:17:30Z" user="vasqaa" uid="20928010" lat="14.2617991" lon="121.3976409"/>
 <node id="8893820470" visible="true" version="2" changeset="152848621" timestamp="2024-06-18T13:17:30Z" user="vasqaa" uid="20928010" lat="14.2617964" lon="121.3973398"/>
 <node id="8893820471" visible="true" version="2" changeset="152848621" timestamp="2024-06-18T13:17:30Z" user="vasqaa" uid="20928010" lat="14.2617660" lon="121.3972450"/>
 <node id="8893820478" visible="true" version="2" changeset="152848621" timestamp="2024-06-18T13:17:30Z" user="vasqaa" uid="20928010" lat="14.2649369" lon="121.3983412"/>
 <node id="8896906654" visible="true" version="5" changeset="133918478" timestamp="2023-03-20T23:07:08Z" user="GOwin" uid="1041828" lat="14.2513280" lon="121.4024046"/>
 <node id="8896933625" visible="true" version="4" changeset="133918478" timestamp="2023-03-20T23:07:08Z" user="GOwin" uid="1041828" lat="14.2527478" lon="121.4021368"/>
 <node id="8896933630" visible="true" version="4" changeset="133918478" timestamp="2023-03-20T23:07:08Z" user="GOwin" uid="1041828" lat="14.2524200" lon="121.4022303"/>
 <node id="8896933631" visible="true" version="4" changeset="133918478" timestamp="2023-03-20T23:07:08Z" user="GOwin" uid="1041828" lat="14.2525060" lon="121.4022146"/>
 <node id="8896933642" visible="true" version="4" changeset="133918478" timestamp="2023-03-20T23:07:08Z" user="GOwin" uid="1041828" lat="14.2519917" lon="121.4022886"/>
 <node id="8896933644" visible="true" version="5" changeset="151654077" timestamp="2024-05-22T03:16:34Z" user="vasqaa" uid="20928010" lat="14.2494309" lon="121.4028973"/>
 <node id="8896933645" visible="true" version="5" changeset="151654077" timestamp="2024-05-22T03:16:34Z" user="vasqaa" uid="20928010" lat="14.2491221" lon="121.4028185"/>
 <node id="8896933648" visible="true" version="6" changeset="151654077" timestamp="2024-05-22T03:16:34Z" user="vasqaa" uid="20928010" lat="14.2487331" lon="121.4025700"/>
 <node id="8896934937" visible="true" version="4" changeset="133918478" timestamp="2023-03-20T23:07:08Z" user="GOwin" uid="1041828" lat="14.2519119" lon="121.4023016"/>
 <node id="8896934943" visible="true" version="4" changeset="133918478" timestamp="2023-03-20T23:07:08Z" user="GOwin" uid="1041828" lat="14.2530782" lon="121.4020150"/>
 <node id="8896974321" visible="true" version="4" changeset="133918478" timestamp="2023-03-20T23:07:08Z" user="GOwin" uid="1041828" lat="14.2516074" lon="121.4023455"/>
 <node id="8896974360" visible="true" version="1" changeset="107468881" timestamp="2021-07-06T04:46:04Z" user="sun_jeev" uid="8995742" lat="14.2533031" lon="121.4061381"/>
 <node id="8906249447" visible="true" version="2" changeset="152848621" timestamp="2024-06-18T13:17:30Z" user="vasqaa" uid="20928010" lat="14.2684377" lon="121.3985430"/>
 <node id="8995090121" visible="true" version="3" changeset="162245514" timestamp="2025-02-07T13:24:42Z" user="vasqaa" uid="20928010" lat="14.2578332" lon="121.3964639"/>
 <node id="8995090124" visible="true" version="3" changeset="162245514" timestamp="2025-02-07T13:24:42Z" user="vasqaa" uid="20928010" lat="14.2576967" lon="121.3962900"/>
 <node id="9584394793" visible="true" version="4" changeset="162245514" timestamp="2025-02-07T13:24:42Z" user="vasqaa" uid="20928010" lat="14.2560125" lon="121.3995433"/>
 <node id="9584394794" visible="true" version="2" changeset="152848621" timestamp="2024-06-18T13:17:30Z" user="vasqaa" uid="20928010" lat="14.2611076" lon="121.3973959"/>
 <node id="9584394795" visible="true" version="2" changeset="152848621" timestamp="2024-06-18T13:17:30Z" user="vasqaa" uid="20928010" lat="14.2610407" lon="121.3973845"/>
 <node id="9925962517" visible="true" version="1" changeset="124369541" timestamp="2022-08-02T02:31:32Z" user="Kenmar11" uid="13512552" lat="14.2614802" lon="121.3979407">
  <tag k="name" v="My jec"/>
  <tag k="shop" v="variety_store"/>
 </node>
 <node id="9963214066" visible="true" version="1" changeset="125091809" timestamp="2022-08-19T07:12:48Z" user="GualeguayRiver" uid="16408165" lat="14.2496915" lon="121.4028606"/>
 <node id="9992607927" visible="true" version="2" changeset="151654077" timestamp="2024-05-22T03:16:34Z" user="vasqaa" uid="20928010" lat="14.2485896" lon="121.4024750"/>
 <node id="9992607930" visible="true" version="2" changeset="151654077" timestamp="2024-05-22T03:16:34Z" user="vasqaa" uid="20928010" lat="14.2484781" lon="121.4024079"/>
 <node id="9992607931" visible="true" version="2" changeset="151654077" timestamp="2024-05-22T03:16:34Z" user="vasqaa" uid="20928010" lat="14.2488657" lon="121.4026653"/>
 <node id="10008086185" visible="true" version="1" changeset="125926473" timestamp="2022-09-08T05:55:02Z" user="MountNarodnaya" uid="16161926" lat="14.2640192" lon="121.3991310"/>
 <node id="10008086186" visible="true" version="1" changeset="125926473" timestamp="2022-09-08T05:55:02Z" user="MountNarodnaya" uid="16161926" lat="14.2640231" lon="121.3990907"/>
 <node id="10558861407" visible="true" version="1" changeset="131325134" timestamp="2023-01-16T07:27:01Z" user="jmcalaramo" uid="18290701" lat="14.2608028" lon="121.3973397"/>
 <node id="10558861408" visible="true" version="1" changeset="131325134" timestamp="2023-01-16T07:27:01Z" user="jmcalaramo" uid="18290701" lat="14.2610097" lon="121.3972800"/>
 <node id="10558916209" visible="true" version="1" changeset="131325134" timestamp="2023-01-16T07:27:01Z" user="jmcalaramo" uid="18290701" lat="14.2609959" lon="121.3972231"/>
 <node id="10558916210" visible="true" version="1" changeset="131325134" timestamp="2023-01-16T07:27:01Z" user="jmcalaramo" uid="18290701" lat="14.2615062" lon="121.3970666"/>
 <node id="10558916211" visible="true" version="1" changeset="131325134" timestamp="2023-01-16T07:27:01Z" user="jmcalaramo" uid="18290701" lat="14.2611480" lon="121.3971765"/>
 <node id="10558916214" visible="true" version="1" changeset="131325134" timestamp="2023-01-16T07:27:01Z" user="jmcalaramo" uid="18290701" lat="14.2605317" lon="121.3971770"/>
 <node id="10558916215" visible="true" version="1" changeset="131325134" timestamp="2023-01-16T07:27:01Z" user="jmcalaramo" uid="18290701" lat="14.2599429" lon="121.3959444"/>
 <node id="10558916216" visible="true" version="1" changeset="131325134" timestamp="2023-01-16T07:27:01Z" user="jmcalaramo" uid="18290701" lat="14.2604369" lon="121.3956643"/>
 <node id="10558916217" visible="true" version="1" changeset="131325134" timestamp="2023-01-16T07:27:01Z" user="jmcalaramo" uid="18290701" lat="14.2605414" lon="121.3959834"/>
 <node id="10558916218" visible="true" version="1" changeset="131325134" timestamp="2023-01-16T07:27:01Z" user="jmcalaramo" uid="18290701" lat="14.2608408" lon="121.3959225"/>
 <node id="10558916219" visible="true" version="1" changeset="131325134" timestamp="2023-01-16T07:27:01Z" user="jmcalaramo" uid="18290701" lat="14.2608704" lon="121.3961257"/>
 <node id="10558916220" visible="true" version="1" changeset="131325134" timestamp="2023-01-16T07:27:01Z" user="jmcalaramo" uid="18290701" lat="14.2610654" lon="121.3961115"/>
 <node id="10558916221" visible="true" version="1" changeset="131325134" timestamp="2023-01-16T07:27:01Z" user="jmcalaramo" uid="18290701" lat="14.2613067" lon="121.3970992"/>
 <node id="10558916222" visible="true" version="2" changeset="152848621" timestamp="2024-06-18T13:17:30Z" user="vasqaa" uid="20928010" lat="14.2616434" lon="121.3969924"/>
 <node id="10558916223" visible="true" version="1" changeset="131325134" timestamp="2023-01-16T07:27:01Z" user="jmcalaramo" uid="18290701" lat="14.2612741" lon="121.3974071"/>
 <node id="10558916224" visible="true" version="1" changeset="131325134" timestamp="2023-01-16T07:27:01Z" user="jmcalaramo" uid="18290701" lat="14.2610975" lon="121.3973434"/>
 <node id="10558916229" visible="true" version="1" changeset="131325134" timestamp="2023-01-16T07:27:01Z" user="jmcalaramo" uid="18290701" lat="14.2607363" lon="121.3971333"/>
 <node id="10558916231" visible="true" version="3" changeset="164764555" timestamp="2025-04-10T11:44:11Z" user="vasqaa" uid="20928010" lat="14.2616739" lon="121.3980374">
  <tag k="amenity" v="atm"/>
  <tag k="brand" v="Landbank"/>
  <tag k="brand:wikidata" v="Q6483872"/>
  <tag k="operator" v="Landbank"/>
  <tag k="operator:wikidata" v="Q6483872"/>
 </node>
 <node id="10749599624" visible="true" version="4" changeset="183367866" timestamp="2026-05-29T17:51:42Z" user="VMPanes" uid="1488198" lat="14.2551721" lon="121.4004370">
  <tag k="button_operated" v="no"/>
  <tag k="crossing" v="uncontrolled"/>
  <tag k="crossing:markings" v="zebra"/>
  <tag k="highway" v="crossing"/>
  <tag k="kerb" v="no"/>
  <tag k="supervised" v="no"/>
  <tag k="tactile_paving" v="no"/>
  <tag k="wheelchair" v="yes"/>
 </node>
 <node id="10846552210" visible="true" version="1" changeset="135433343" timestamp="2023-04-27T15:30:06Z" user="DaDapperMapper" uid="13771183" lat="14.2642868" lon="121.3975357"/>
 <node id="10846552212" visible="true" version="1" changeset="135433343" timestamp="2023-04-27T15:30:06Z" user="DaDapperMapper" uid="13771183" lat="14.2639756" lon="121.3977382"/>
 <node id="10846552213" visible="true" version="1" changeset="135433343" timestamp="2023-04-27T15:30:06Z" user="DaDapperMapper" uid="13771183" lat="14.2635449" lon="121.3967189"/>
 <node id="10846552214" visible="true" version="1" changeset="135433343" timestamp="2023-04-27T15:30:06Z" user="DaDapperMapper" uid="13771183" lat="14.2635676" lon="121.3966678"/>
 <node id="10846552215" visible="true" version="1" changeset="135433343" timestamp="2023-04-27T15:30:06Z" user="DaDapperMapper" uid="13771183" lat="14.2638109" lon="121.3965663"/>
 <node id="10846552216" visible="true" version="1" changeset="135433343" timestamp="2023-04-27T15:30:06Z" user="DaDapperMapper" uid="13771183" lat="14.2638752" lon="121.3965858"/>
 <node id="11542613958" visible="true" version="1" changeset="146586527" timestamp="2024-01-23T10:26:16Z" user="vasqaa" uid="20928010" lat="14.2628824" lon="121.3986589"/>
 <node id="11542613959" visible="true" version="1" changeset="146586527" timestamp="2024-01-23T10:26:16Z" user="vasqaa" uid="20928010" lat="14.2625057" lon="121.3988070"/>
 <node id="11542613960" visible="true" version="1" changeset="146586527" timestamp="2024-01-23T10:26:16Z" user="vasqaa" uid="20928010" lat="14.2625404" lon="121.3989008"/>
 <node id="11542613961" visible="true" version="1" changeset="146586527" timestamp="2024-01-23T10:26:16Z" user="vasqaa" uid="20928010" lat="14.2629170" lon="121.3987527"/>
 <node id="11542613962" visible="true" version="2" changeset="152848621" timestamp="2024-06-18T13:17:30Z" user="vasqaa" uid="20928010" lat="14.2629899" lon="121.3960630"/>
 <node id="11542613963" visible="true" version="2" changeset="152848621" timestamp="2024-06-18T13:17:30Z" user="vasqaa" uid="20928010" lat="14.2628760" lon="121.3960998"/>
 <node id="11542613964" visible="true" version="2" changeset="152848621" timestamp="2024-06-18T13:17:30Z" user="vasqaa" uid="20928010" lat="14.2628474" lon="121.3960053"/>
 <node id="11542613965" visible="true" version="2" changeset="152848621" timestamp="2024-06-18T13:17:30Z" user="vasqaa" uid="20928010" lat="14.2629612" lon="121.3959686"/>
 <node id="11542613966" visible="true" version="1" changeset="146586527" timestamp="2024-01-23T10:26:16Z" user="vasqaa" uid="20928010" lat="14.2635068" lon="121.3972290"/>
 <node id="11542613967" visible="true" version="1" changeset="146586527" timestamp="2024-01-23T10:26:16Z" user="vasqaa" uid="20928010" lat="14.2633834" lon="121.3972706"/>
 <node id="11542613968" visible="true" version="1" changeset="146586527" timestamp="2024-01-23T10:26:16Z" user="vasqaa" uid="20928010" lat="14.2635214" lon="121.3977067"/>
 <node id="11542614169" visible="true" version="1" changeset="146586527" timestamp="2024-01-23T10:26:16Z" user="vasqaa" uid="20928010" lat="14.2636449" lon="121.3976651"/>
 <node id="11542614170" visible="true" version="1" changeset="146586527" timestamp="2024-01-23T10:26:16Z" user="vasqaa" uid="20928010" lat="14.2633458" lon="121.3973022"/>
 <node id="11542614171" visible="true" version="1" changeset="146586527" timestamp="2024-01-23T10:26:16Z" user="vasqaa" uid="20928010" lat="14.2633912" lon="121.3974492"/>
 <node id="11542614172" visible="true" version="1" changeset="146586527" timestamp="2024-01-23T10:26:16Z" user="vasqaa" uid="20928010" lat="14.2634358" lon="121.3974345"/>
 <node id="11542614173" visible="true" version="1" changeset="146586527" timestamp="2024-01-23T10:26:16Z" user="vasqaa" uid="20928010" lat="14.2633904" lon="121.3972876"/>
 <node id="11546133611" visible="true" version="1" changeset="146630519" timestamp="2024-01-24T13:42:13Z" user="vasqaa" uid="20928010" lat="14.2565070" lon="121.4129166"/>
 <node id="11546133612" visible="true" version="1" changeset="146630519" timestamp="2024-01-24T13:42:13Z" user="vasqaa" uid="20928010" lat="14.2565537" lon="121.4130016"/>
 <node id="11546133613" visible="true" version="1" changeset="146630519" timestamp="2024-01-24T13:42:13Z" user="vasqaa" uid="20928010" lat="14.2566634" lon="121.4130950"/>
 <node id="11546133614" visible="true" version="1" changeset="146630519" timestamp="2024-01-24T13:42:13Z" user="vasqaa" uid="20928010" lat="14.2568226" lon="121.4132394"/>
 <node id="11546133615" visible="true" version="1" changeset="146630519" timestamp="2024-01-24T13:42:13Z" user="vasqaa" uid="20928010" lat="14.2568939" lon="121.4132847"/>
 <node id="11546133617" visible="true" version="1" changeset="146630519" timestamp="2024-01-24T13:42:13Z" user="vasqaa" uid="20928010" lat="14.2571931" lon="121.4133640"/>
 <node id="11546133618" visible="true" version="1" changeset="146630519" timestamp="2024-01-24T13:42:13Z" user="vasqaa" uid="20928010" lat="14.2572864" lon="121.4134319"/>
 <node id="11546133619" visible="true" version="1" changeset="146630519" timestamp="2024-01-24T13:42:13Z" user="vasqaa" uid="20928010" lat="14.2573330" lon="121.4134970"/>
 <node id="11546133620" visible="true" version="1" changeset="146630519" timestamp="2024-01-24T13:42:13Z" user="vasqaa" uid="20928010" lat="14.2574538" lon="121.4135480"/>
 <node id="11546133621" visible="true" version="1" changeset="146630519" timestamp="2024-01-24T13:42:13Z" user="vasqaa" uid="20928010" lat="14.2575580" lon="121.4135961"/>
 <node id="11546133623" visible="true" version="1" changeset="146630519" timestamp="2024-01-24T13:42:13Z" user="vasqaa" uid="20928010" lat="14.2576788" lon="121.4135905"/>
 <node id="11546133625" visible="true" version="1" changeset="146630519" timestamp="2024-01-24T13:42:13Z" user="vasqaa" uid="20928010" lat="14.2581645" lon="121.4137632"/>
 <node id="11546133627" visible="true" version="1" changeset="146630519" timestamp="2024-01-24T13:42:13Z" user="vasqaa" uid="20928010" lat="14.2583593" lon="121.4137887"/>
 <node id="11546133629" visible="true" version="1" changeset="146630519" timestamp="2024-01-24T13:42:13Z" user="vasqaa" uid="20928010" lat="14.2585020" lon="121.4138170"/>
 <node id="11546133631" visible="true" version="1" changeset="146630519" timestamp="2024-01-24T13:42:13Z" user="vasqaa" uid="20928010" lat="14.2585679" lon="121.4137689"/>
 <node id="11546133632" visible="true" version="1" changeset="146630519" timestamp="2024-01-24T13:42:13Z" user="vasqaa" uid="20928010" lat="14.2586282" lon="121.4137858"/>
 <node id="11546133634" visible="true" version="1" changeset="146630519" timestamp="2024-01-24T13:42:13Z" user="vasqaa" uid="20928010" lat="14.2587847" lon="121.4139161"/>
 <node id="11546133636" visible="true" version="1" changeset="146630519" timestamp="2024-01-24T13:42:13Z" user="vasqaa" uid="20928010" lat="14.2588889" lon="121.4139472"/>
 <node id="11546133640" visible="true" version="1" changeset="146630519" timestamp="2024-01-24T13:42:13Z" user="vasqaa" uid="20928010" lat="14.2593390" lon="121.4139954"/>
 <node id="11546133643" visible="true" version="1" changeset="146630519" timestamp="2024-01-24T13:42:13Z" user="vasqaa" uid="20928010" lat="14.2595146" lon="121.4139755"/>
 <node id="11546133644" visible="true" version="1" changeset="146630519" timestamp="2024-01-24T13:42:13Z" user="vasqaa" uid="20928010" lat="14.2595585" lon="121.4140095"/>
 <node id="11546133645" visible="true" version="1" changeset="146630519" timestamp="2024-01-24T13:42:13Z" user="vasqaa" uid="20928010" lat="14.2596024" lon="121.4140350"/>
 <node id="11546133646" visible="true" version="1" changeset="146630519" timestamp="2024-01-24T13:42:13Z" user="vasqaa" uid="20928010" lat="14.2596408" lon="121.4140548"/>
 <node id="11546133647" visible="true" version="1" changeset="146630519" timestamp="2024-01-24T13:42:13Z" user="vasqaa" uid="20928010" lat="14.2597149" lon="121.4140690"/>
 <node id="11546133648" visible="true" version="1" changeset="146630519" timestamp="2024-01-24T13:42:13Z" user="vasqaa" uid="20928010" lat="14.2597698" lon="121.4140548"/>
 <node id="11546133649" visible="true" version="1" changeset="146630519" timestamp="2024-01-24T13:42:13Z" user="vasqaa" uid="20928010" lat="14.2598439" lon="121.4140378"/>
 <node id="11546133650" visible="true" version="1" changeset="146630519" timestamp="2024-01-24T13:42:13Z" user="vasqaa" uid="20928010" lat="14.2598933" lon="121.4140039"/>
 <node id="11546133651" visible="true" version="1" changeset="146630519" timestamp="2024-01-24T13:42:13Z" user="vasqaa" uid="20928010" lat="14.2599701" lon="121.4139586"/>
 <node id="11546133652" visible="true" version="1" changeset="146630519" timestamp="2024-01-24T13:42:13Z" user="vasqaa" uid="20928010" lat="14.2599921" lon="121.4139217"/>
 <node id="11546133653" visible="true" version="1" changeset="146630519" timestamp="2024-01-24T13:42:13Z" user="vasqaa" uid="20928010" lat="14.2600360" lon="121.4139048"/>
 <node id="11546133654" visible="true" version="1" changeset="146630519" timestamp="2024-01-24T13:42:13Z" user="vasqaa" uid="20928010" lat="14.2600717" lon="121.4139048"/>
 <node id="11546133655" visible="true" version="1" changeset="146630519" timestamp="2024-01-24T13:42:13Z" user="vasqaa" uid="20928010" lat="14.2601238" lon="121.4139104"/>
 <node id="11546133656" visible="true" version="1" changeset="146630519" timestamp="2024-01-24T13:42:13Z" user="vasqaa" uid="20928010" lat="14.2601650" lon="121.4138764"/>
 <node id="11546133657" visible="true" version="1" changeset="146630519" timestamp="2024-01-24T13:42:13Z" user="vasqaa" uid="20928010" lat="14.2602006" lon="121.4138538"/>
 <node id="11546133658" visible="true" version="1" changeset="146630519" timestamp="2024-01-24T13:42:13Z" user="vasqaa" uid="20928010" lat="14.2602363" lon="121.4138198"/>
 <node id="11546133659" visible="true" version="1" changeset="146630519" timestamp="2024-01-24T13:42:13Z" user="vasqaa" uid="20928010" lat="14.2602802" lon="121.4137915"/>
 <node id="11546133660" visible="true" version="1" changeset="146630519" timestamp="2024-01-24T13:42:13Z" user="vasqaa" uid="20928010" lat="14.2603406" lon="121.4137858"/>
 <node id="11546133661" visible="true" version="1" changeset="146630519" timestamp="2024-01-24T13:42:13Z" user="vasqaa" uid="20928010" lat="14.2604064" lon="121.4137915"/>
 <node id="11546133662" visible="true" version="1" changeset="146630519" timestamp="2024-01-24T13:42:13Z" user="vasqaa" uid="20928010" lat="14.2604503" lon="121.4138198"/>
 <node id="11546133663" visible="true" version="1" changeset="146630519" timestamp="2024-01-24T13:42:13Z" user="vasqaa" uid="20928010" lat="14.2604778" lon="121.4138595"/>
 <node id="11546133664" visible="true" version="1" changeset="146630519" timestamp="2024-01-24T13:42:13Z" user="vasqaa" uid="20928010" lat="14.2605189" lon="121.4139104"/>
 <node id="11546133665" visible="true" version="1" changeset="146630519" timestamp="2024-01-24T13:42:13Z" user="vasqaa" uid="20928010" lat="14.2605629" lon="121.4139501"/>
 <node id="11546133666" visible="true" version="1" changeset="146630519" timestamp="2024-01-24T13:42:13Z" user="vasqaa" uid="20928010" lat="14.2606424" lon="121.4139869"/>
 <node id="11546133667" visible="true" version="1" changeset="146630519" timestamp="2024-01-24T13:42:13Z" user="vasqaa" uid="20928010" lat="14.2607055" lon="121.4139954"/>
 <node id="11546133668" visible="true" version="1" changeset="146630519" timestamp="2024-01-24T13:42:13Z" user="vasqaa" uid="20928010" lat="14.2608235" lon="121.4139671"/>
 <node id="11546133669" visible="true" version="1" changeset="146630519" timestamp="2024-01-24T13:42:13Z" user="vasqaa" uid="20928010" lat="14.2609498" lon="121.4139444"/>
 <node id="11546133670" visible="true" version="1" changeset="146630519" timestamp="2024-01-24T13:42:13Z" user="vasqaa" uid="20928010" lat="14.2610760" lon="121.4139444"/>
 <node id="11546133671" visible="true" version="1" changeset="146630519" timestamp="2024-01-24T13:42:13Z" user="vasqaa" uid="20928010" lat="14.2611638" lon="121.4139529"/>
 <node id="11546133673" visible="true" version="1" changeset="146630519" timestamp="2024-01-24T13:42:13Z" user="vasqaa" uid="20928010" lat="14.2613559" lon="121.4139529"/>
 <node id="11546133674" visible="true" version="1" changeset="146630519" timestamp="2024-01-24T13:42:13Z" user="vasqaa" uid="20928010" lat="14.2614080" lon="121.4139331"/>
 <node id="11546133675" visible="true" version="1" changeset="146630519" timestamp="2024-01-24T13:42:13Z" user="vasqaa" uid="20928010" lat="14.2614876" lon="121.4139387"/>
 <node id="11546133676" visible="true" version="1" changeset="146630519" timestamp="2024-01-24T13:42:13Z" user="vasqaa" uid="20928010" lat="14.2615535" lon="121.4139727"/>
 <node id="11546133677" visible="true" version="1" changeset="146630519" timestamp="2024-01-24T13:42:13Z" user="vasqaa" uid="20928010" lat="14.2616385" lon="121.4140322"/>
 <node id="11546133678" visible="true" version="1" changeset="146630519" timestamp="2024-01-24T13:42:13Z" user="vasqaa" uid="20928010" lat="14.2617071" lon="121.4140661"/>
 <node id="11546133679" visible="true" version="1" changeset="146630519" timestamp="2024-01-24T13:42:13Z" user="vasqaa" uid="20928010" lat="14.2617703" lon="121.4141058"/>
 <node id="11546133680" visible="true" version="1" changeset="146630519" timestamp="2024-01-24T13:42:13Z" user="vasqaa" uid="20928010" lat="14.2617867" lon="121.4141341"/>
 <node id="11546133681" visible="true" version="1" changeset="146630519" timestamp="2024-01-24T13:42:13Z" user="vasqaa" uid="20928010" lat="14.2618059" lon="121.4141794"/>
 <node id="11546133682" visible="true" version="1" changeset="146630519" timestamp="2024-01-24T13:42:13Z" user="vasqaa" uid="20928010" lat="14.2618526" lon="121.4141879"/>
 <node id="11546133683" visible="true" version="1" changeset="146630519" timestamp="2024-01-24T13:42:13Z" user="vasqaa" uid="20928010" lat="14.2618992" lon="121.4141568"/>
 <node id="11546133684" visible="true" version="1" changeset="146630519" timestamp="2024-01-24T13:42:13Z" user="vasqaa" uid="20928010" lat="14.2619706" lon="121.4141568"/>
 <node id="11546133685" visible="true" version="1" changeset="146630519" timestamp="2024-01-24T13:42:13Z" user="vasqaa" uid="20928010" lat="14.2620255" lon="121.4141652"/>
 <node id="11546133686" visible="true" version="1" changeset="146630519" timestamp="2024-01-24T13:42:13Z" user="vasqaa" uid="20928010" lat="14.2620886" lon="121.4142445"/>
 <node id="11546133687" visible="true" version="1" changeset="146630519" timestamp="2024-01-24T13:42:13Z" user="vasqaa" uid="20928010" lat="14.2621325" lon="121.4142983"/>
 <node id="11546133688" visible="true" version="1" changeset="146630519" timestamp="2024-01-24T13:42:13Z" user="vasqaa" uid="20928010" lat="14.2622109" lon="121.4143212"/>
 <node id="11546133690" visible="true" version="1" changeset="146630519" timestamp="2024-01-24T13:42:13Z" user="vasqaa" uid="20928010" lat="14.2625187" lon="121.4143287"/>
 <node id="11546133691" visible="true" version="1" changeset="146630519" timestamp="2024-01-24T13:42:13Z" user="vasqaa" uid="20928010" lat="14.2626056" lon="121.4143287"/>
 <node id="11546133692" visible="true" version="1" changeset="146630519" timestamp="2024-01-24T13:42:13Z" user="vasqaa" uid="20928010" lat="14.2626998" lon="121.4142783"/>
 <node id="11546133693" visible="true" version="1" changeset="146630519" timestamp="2024-01-24T13:42:13Z" user="vasqaa" uid="20928010" lat="14.2628011" lon="121.4141830"/>
 <node id="11546133695" visible="true" version="1" changeset="146630519" timestamp="2024-01-24T13:42:13Z" user="vasqaa" uid="20928010" lat="14.2632881" lon="121.4133816"/>
 <node id="11546133696" visible="true" version="1" changeset="146630519" timestamp="2024-01-24T13:42:13Z" user="vasqaa" uid="20928010" lat="14.2633099" lon="121.4133312"/>
 <node id="11546133697" visible="true" version="1" changeset="146630519" timestamp="2024-01-24T13:42:13Z" user="vasqaa" uid="20928010" lat="14.2632918" lon="121.4132695"/>
 <node id="11546133698" visible="true" version="1" changeset="146630519" timestamp="2024-01-24T13:42:13Z" user="vasqaa" uid="20928010" lat="14.2633008" lon="121.4132210"/>
 <node id="11546133700" visible="true" version="1" changeset="146630519" timestamp="2024-01-24T13:42:13Z" user="vasqaa" uid="20928010" lat="14.2633913" lon="121.4131463"/>
 <node id="11546133701" visible="true" version="1" changeset="146630519" timestamp="2024-01-24T13:42:13Z" user="vasqaa" uid="20928010" lat="14.2634113" lon="121.4130510"/>
 <node id="11546133702" visible="true" version="1" changeset="146630519" timestamp="2024-01-24T13:42:13Z" user="vasqaa" uid="20928010" lat="14.2634457" lon="121.4129725"/>
 <node id="11546133703" visible="true" version="1" changeset="146630519" timestamp="2024-01-24T13:42:13Z" user="vasqaa" uid="20928010" lat="14.2634674" lon="121.4129221"/>
 <node id="11546133704" visible="true" version="1" changeset="146630519" timestamp="2024-01-24T13:42:13Z" user="vasqaa" uid="20928010" lat="14.2635434" lon="121.4128362"/>
 <node id="11546133705" visible="true" version="1" changeset="146630519" timestamp="2024-01-24T13:42:13Z" user="vasqaa" uid="20928010" lat="14.2635905" lon="121.4127745"/>
 <node id="11546133706" visible="true" version="1" changeset="146630519" timestamp="2024-01-24T13:42:13Z" user="vasqaa" uid="20928010" lat="14.2636339" lon="121.4127166"/>
 <node id="11546133707" visible="true" version="1" changeset="146630519" timestamp="2024-01-24T13:42:13Z" user="vasqaa" uid="20928010" lat="14.2636611" lon="121.4126456"/>
 <node id="11546133708" visible="true" version="1" changeset="146630519" timestamp="2024-01-24T13:42:13Z" user="vasqaa" uid="20928010" lat="14.2636756" lon="121.4125952"/>
 <node id="11546133709" visible="true" version="1" changeset="146630519" timestamp="2024-01-24T13:42:13Z" user="vasqaa" uid="20928010" lat="14.2636955" lon="121.4125149"/>
 <node id="11546133710" visible="true" version="1" changeset="146630519" timestamp="2024-01-24T13:42:13Z" user="vasqaa" uid="20928010" lat="14.2637317" lon="121.4124289"/>
 <node id="11546133711" visible="true" version="1" changeset="146630519" timestamp="2024-01-24T13:42:13Z" user="vasqaa" uid="20928010" lat="14.2637697" lon="121.4123486"/>
 <node id="11546133712" visible="true" version="1" changeset="146630519" timestamp="2024-01-24T13:42:13Z" user="vasqaa" uid="20928010" lat="14.2638258" lon="121.4122515"/>
 <node id="11546133713" visible="true" version="1" changeset="146630519" timestamp="2024-01-24T13:42:13Z" user="vasqaa" uid="20928010" lat="14.2638693" lon="121.4121768"/>
 <node id="11546133714" visible="true" version="1" changeset="146630519" timestamp="2024-01-24T13:42:13Z" user="vasqaa" uid="20928010" lat="14.2638983" lon="121.4121151"/>
 <node id="11546133715" visible="true" version="1" changeset="146630519" timestamp="2024-01-24T13:42:13Z" user="vasqaa" uid="20928010" lat="14.2639272" lon="121.4120367"/>
 <node id="11546133716" visible="true" version="1" changeset="146630519" timestamp="2024-01-24T13:42:13Z" user="vasqaa" uid="20928010" lat="14.2639598" lon="121.4120068"/>
 <node id="11546133717" visible="true" version="1" changeset="146630519" timestamp="2024-01-24T13:42:13Z" user="vasqaa" uid="20928010" lat="14.2640105" lon="121.4119171"/>
 <node id="11546133718" visible="true" version="1" changeset="146630519" timestamp="2024-01-24T13:42:13Z" user="vasqaa" uid="20928010" lat="14.2640702" lon="121.4118275"/>
 <node id="11546133721" visible="true" version="1" changeset="146630519" timestamp="2024-01-24T13:42:13Z" user="vasqaa" uid="20928010" lat="14.2642640" lon="121.4115940"/>
 <node id="11546133722" visible="true" version="1" changeset="146630519" timestamp="2024-01-24T13:42:13Z" user="vasqaa" uid="20928010" lat="14.2643979" lon="121.4114389"/>
 <node id="11546133723" visible="true" version="1" changeset="146630519" timestamp="2024-01-24T13:42:13Z" user="vasqaa" uid="20928010" lat="14.2647455" lon="121.4110466"/>
 <node id="11546133724" visible="true" version="1" changeset="146630519" timestamp="2024-01-24T13:42:13Z" user="vasqaa" uid="20928010" lat="14.2648017" lon="121.4109775"/>
 <node id="11546133725" visible="true" version="1" changeset="146630519" timestamp="2024-01-24T13:42:13Z" user="vasqaa" uid="20928010" lat="14.2648562" lon="121.4108920"/>
 <node id="11546133726" visible="true" version="1" changeset="146630519" timestamp="2024-01-24T13:42:13Z" user="vasqaa" uid="20928010" lat="14.2649610" lon="121.4108057"/>
 <node id="11546133727" visible="true" version="1" changeset="146630519" timestamp="2024-01-24T13:42:13Z" user="vasqaa" uid="20928010" lat="14.2651420" lon="121.4106151"/>
 <node id="11546133728" visible="true" version="1" changeset="146630519" timestamp="2024-01-24T13:42:13Z" user="vasqaa" uid="20928010" lat="14.2652271" lon="121.4105255"/>
 <node id="11546133729" visible="true" version="1" changeset="146630519" timestamp="2024-01-24T13:42:13Z" user="vasqaa" uid="20928010" lat="14.2652651" lon="121.4104489"/>
 <node id="11546133730" visible="true" version="1" changeset="146630519" timestamp="2024-01-24T13:42:13Z" user="vasqaa" uid="20928010" lat="14.2652977" lon="121.4103443"/>
 <node id="11546133731" visible="true" version="1" changeset="146630519" timestamp="2024-01-24T13:42:13Z" user="vasqaa" uid="20928010" lat="14.2654244" lon="121.4101164"/>
 <node id="11546133732" visible="true" version="1" changeset="146630519" timestamp="2024-01-24T13:42:13Z" user="vasqaa" uid="20928010" lat="14.2655331" lon="121.4099408"/>
 <node id="11546133733" visible="true" version="1" changeset="146630519" timestamp="2024-01-24T13:42:13Z" user="vasqaa" uid="20928010" lat="14.2656453" lon="121.4098119"/>
 <node id="11546133734" visible="true" version="1" changeset="146630519" timestamp="2024-01-24T13:42:13Z" user="vasqaa" uid="20928010" lat="14.2657992" lon="121.4096344"/>
 <node id="11546133735" visible="true" version="1" changeset="146630519" timestamp="2024-01-24T13:42:13Z" user="vasqaa" uid="20928010" lat="14.2659402" lon="121.4094652"/>
 <node id="11546133736" visible="true" version="1" changeset="146630519" timestamp="2024-01-24T13:42:13Z" user="vasqaa" uid="20928010" lat="14.2661069" lon="121.4093299"/>
 <node id="11546133737" visible="true" version="1" changeset="146630519" timestamp="2024-01-24T13:42:13Z" user="vasqaa" uid="20928010" lat="14.2662572" lon="121.4091730"/>
 <node id="11546133738" visible="true" version="1" changeset="146630519" timestamp="2024-01-24T13:42:13Z" user="vasqaa" uid="20928010" lat="14.2663966" lon="121.4090553"/>
 <node id="11546133739" visible="true" version="1" changeset="146630519" timestamp="2024-01-24T13:42:13Z" user="vasqaa" uid="20928010" lat="14.2665179" lon="121.4089862"/>
 <node id="11594807347" visible="true" version="1" changeset="147176205" timestamp="2024-02-07T13:10:47Z" user="vasqaa" uid="20928010" lat="14.2635551" lon="121.3984330"/>
 <node id="11594807348" visible="true" version="1" changeset="147176205" timestamp="2024-02-07T13:10:47Z" user="vasqaa" uid="20928010" lat="14.2632625" lon="121.3985466"/>
 <node id="11594807349" visible="true" version="1" changeset="147176205" timestamp="2024-02-07T13:10:47Z" user="vasqaa" uid="20928010" lat="14.2632996" lon="121.3986484"/>
 <node id="11594807350" visible="true" version="1" changeset="147176205" timestamp="2024-02-07T13:10:47Z" user="vasqaa" uid="20928010" lat="14.2635922" lon="121.3985347"/>
 <node id="11594807351" visible="true" version="2" changeset="164764555" timestamp="2025-04-10T11:44:11Z" user="vasqaa" uid="20928010" lat="14.2632252" lon="121.3985255"/>
 <node id="11594807352" visible="true" version="2" changeset="164764555" timestamp="2025-04-10T11:44:11Z" user="vasqaa" uid="20928010" lat="14.2631210" lon="121.3985717"/>
 <node id="11594807353" visible="true" version="2" changeset="164764555" timestamp="2025-04-10T11:44:11Z" user="vasqaa" uid="20928010" lat="14.2631577" lon="121.3986600"/>
 <node id="11594807354" visible="true" version="2" changeset="164764555" timestamp="2025-04-10T11:44:11Z" user="vasqaa" uid="20928010" lat="14.2632619" lon="121.3986138"/>
 <node id="11622647206" visible="true" version="1" changeset="147451122" timestamp="2024-02-14T13:24:37Z" user="vasqaa" uid="20928010" lat="14.2710023" lon="121.4057152"/>
 <node id="11622647207" visible="true" version="1" changeset="147451122" timestamp="2024-02-14T13:24:37Z" user="vasqaa" uid="20928010" lat="14.2707276" lon="121.4057781"/>
 <node id="11622647208" visible="true" version="1" changeset="147451122" timestamp="2024-02-14T13:24:37Z" user="vasqaa" uid="20928010" lat="14.2701100" lon="121.4059755"/>
 <node id="11622647209" visible="true" version="1" changeset="147451122" timestamp="2024-02-14T13:24:37Z" user="vasqaa" uid="20928010" lat="14.2693738" lon="121.4063897"/>
 <node id="11622647210" visible="true" version="1" changeset="147451122" timestamp="2024-02-14T13:24:37Z" user="vasqaa" uid="20928010" lat="14.2689454" lon="121.4067265"/>
 <node id="11622647211" visible="true" version="1" changeset="147451122" timestamp="2024-02-14T13:24:37Z" user="vasqaa" uid="20928010" lat="14.2684027" lon="121.4071192"/>
 <node id="11622647212" visible="true" version="1" changeset="147451122" timestamp="2024-02-14T13:24:37Z" user="vasqaa" uid="20928010" lat="14.2681531" lon="121.4073424"/>
 <node id="11622647213" visible="true" version="1" changeset="147451122" timestamp="2024-02-14T13:24:37Z" user="vasqaa" uid="20928010" lat="14.2675438" lon="121.4079303"/>
 <node id="11622647214" visible="true" version="1" changeset="147451122" timestamp="2024-02-14T13:24:37Z" user="vasqaa" uid="20928010" lat="14.2665566" lon="121.4089527"/>
 <node id="11626645753" visible="true" version="1" changeset="147488184" timestamp="2024-02-15T12:03:25Z" user="vasqaa" uid="20928010" lat="14.2561069" lon="121.4121235"/>
 <node id="11626645754" visible="true" version="1" changeset="147488184" timestamp="2024-02-15T12:03:25Z" user="vasqaa" uid="20928010" lat="14.2557533" lon="121.4115055"/>
 <node id="11626645755" visible="true" version="1" changeset="147488184" timestamp="2024-02-15T12:03:25Z" user="vasqaa" uid="20928010" lat="14.2556327" lon="121.4112137"/>
 <node id="11626645756" visible="true" version="1" changeset="147488184" timestamp="2024-02-15T12:03:25Z" user="vasqaa" uid="20928010" lat="14.2554247" lon="121.4112737"/>
 <node id="11626645757" visible="true" version="1" changeset="147488184" timestamp="2024-02-15T12:03:25Z" user="vasqaa" uid="20928010" lat="14.2549578" lon="121.4099880"/>
 <node id="11626645758" visible="true" version="1" changeset="147488184" timestamp="2024-02-15T12:03:25Z" user="vasqaa" uid="20928010" lat="14.2543437" lon="121.4102131"/>
 <node id="11626645759" visible="true" version="1" changeset="147488184" timestamp="2024-02-15T12:03:25Z" user="vasqaa" uid="20928010" lat="14.2537607" lon="121.4086720"/>
 <node id="11626645760" visible="true" version="1" changeset="147488184" timestamp="2024-02-15T12:03:25Z" user="vasqaa" uid="20928010" lat="14.2545662" lon="121.4082941"/>
 <node id="11626645761" visible="true" version="1" changeset="147488184" timestamp="2024-02-15T12:03:25Z" user="vasqaa" uid="20928010" lat="14.2496943" lon="121.4047680"/>
 <node id="11626645762" visible="true" version="1" changeset="147488184" timestamp="2024-02-15T12:03:25Z" user="vasqaa" uid="20928010" lat="14.2491184" lon="121.4032394"/>
 <node id="11626645763" visible="true" version="1" changeset="147488184" timestamp="2024-02-15T12:03:25Z" user="vasqaa" uid="20928010" lat="14.2486203" lon="121.4033174"/>
 <node id="11626870726" visible="true" version="1" changeset="147491375" timestamp="2024-02-15T13:22:39Z" user="vasqaa" uid="20928010" lat="14.2619371" lon="121.3952676"/>
 <node id="11626870727" visible="true" version="1" changeset="147491375" timestamp="2024-02-15T13:22:39Z" user="vasqaa" uid="20928010" lat="14.2606234" lon="121.3954926"/>
 <node id="11626870728" visible="true" version="1" changeset="147491375" timestamp="2024-02-15T13:22:39Z" user="vasqaa" uid="20928010" lat="14.2604333" lon="121.3947269"/>
 <node id="11626870729" visible="true" version="1" changeset="147491375" timestamp="2024-02-15T13:22:39Z" user="vasqaa" uid="20928010" lat="14.2600052" lon="121.3944607"/>
 <node id="11626870730" visible="true" version="1" changeset="147491375" timestamp="2024-02-15T13:22:39Z" user="vasqaa" uid="20928010" lat="14.2598790" lon="121.3945173"/>
 <node id="11626870731" visible="true" version="1" changeset="147491375" timestamp="2024-02-15T13:22:39Z" user="vasqaa" uid="20928010" lat="14.2600793" lon="121.3951006"/>
 <node id="11626870732" visible="true" version="1" changeset="147491375" timestamp="2024-02-15T13:22:39Z" user="vasqaa" uid="20928010" lat="14.2595826" lon="121.3953045"/>
 <node id="11626870733" visible="true" version="1" changeset="147491375" timestamp="2024-02-15T13:22:39Z" user="vasqaa" uid="20928010" lat="14.2586523" lon="121.3959274"/>
 <node id="11626870734" visible="true" version="1" changeset="147491375" timestamp="2024-02-15T13:22:39Z" user="vasqaa" uid="20928010" lat="14.2584657" lon="121.3956244"/>
 <node id="11626870735" visible="true" version="2" changeset="162245514" timestamp="2025-02-07T13:24:42Z" user="vasqaa" uid="20928010" lat="14.2575884" lon="121.3961576"/>
 <node id="11626870736" visible="true" version="1" changeset="147491375" timestamp="2024-02-15T13:22:39Z" user="vasqaa" uid="20928010" lat="14.2572675" lon="121.4134182"/>
 <node id="11634372595" visible="true" version="1" changeset="147570862" timestamp="2024-02-17T13:15:12Z" user="vasqaa" uid="20928010" lat="14.2637783" lon="121.3945818"/>
 <node id="11634372625" visible="true" version="1" changeset="147570862" timestamp="2024-02-17T13:15:12Z" user="vasqaa" uid="20928010" lat="14.2621706" lon="121.3921766"/>
 <node id="11876566294" visible="true" version="1" changeset="150838118" timestamp="2024-05-03T13:31:58Z" user="vasqaa" uid="20928010" lat="14.2603016" lon="121.3980088"/>
 <node id="11876566295" visible="true" version="1" changeset="150838118" timestamp="2024-05-03T13:31:58Z" user="vasqaa" uid="20928010" lat="14.2602354" lon="121.3978754"/>
 <node id="11876566296" visible="true" version="1" changeset="150838118" timestamp="2024-05-03T13:31:58Z" user="vasqaa" uid="20928010" lat="14.2600147" lon="121.3979275"/>
 <node id="11876566297" visible="true" version="1" changeset="150838118" timestamp="2024-05-03T13:31:58Z" user="vasqaa" uid="20928010" lat="14.2602984" lon="121.3987080"/>
 <node id="11876566298" visible="true" version="1" changeset="150838118" timestamp="2024-05-03T13:31:58Z" user="vasqaa" uid="20928010" lat="14.2614616" lon="121.3983340"/>
 <node id="11876566299" visible="true" version="1" changeset="150838118" timestamp="2024-05-03T13:31:58Z" user="vasqaa" uid="20928010" lat="14.2614048" lon="121.3981064"/>
 <node id="11876566300" visible="true" version="1" changeset="150838118" timestamp="2024-05-03T13:31:58Z" user="vasqaa" uid="20928010" lat="14.2612283" lon="121.3977291"/>
 <node id="11924435975" visible="true" version="1" changeset="151654077" timestamp="2024-05-22T03:16:34Z" user="vasqaa" uid="20928010" lat="14.2493227" lon="121.4037818"/>
 <node id="11947838097" visible="true" version="1" changeset="152080569" timestamp="2024-05-31T13:07:26Z" user="vasqaa" uid="20928010" lat="14.2610414" lon="121.3960880"/>
 <node id="11947838098" visible="true" version="1" changeset="152080569" timestamp="2024-05-31T13:07:26Z" user="vasqaa" uid="20928010" lat="14.2611237" lon="121.3959478"/>
 <node id="11947838099" visible="true" version="1" changeset="152080569" timestamp="2024-05-31T13:07:26Z" user="vasqaa" uid="20928010" lat="14.2611800" lon="121.3957340"/>
 <node id="11947838100" visible="true" version="1" changeset="152080569" timestamp="2024-05-31T13:07:26Z" user="vasqaa" uid="20928010" lat="14.2611375" lon="121.3956010"/>
 <node id="11947838101" visible="true" version="1" changeset="152080569" timestamp="2024-05-31T13:07:26Z" user="vasqaa" uid="20928010" lat="14.2610099" lon="121.3955429"/>
 <node id="11947838102" visible="true" version="1" changeset="152080569" timestamp="2024-05-31T13:07:26Z" user="vasqaa" uid="20928010" lat="14.2609852" lon="121.3954537"/>
 <node id="11947838106" visible="true" version="2" changeset="152848621" timestamp="2024-06-18T13:17:30Z" user="vasqaa" uid="20928010" lat="14.2629274" lon="121.3959644"/>
 <node id="11947838107" visible="true" version="1" changeset="152080569" timestamp="2024-05-31T13:07:26Z" user="vasqaa" uid="20928010" lat="14.2628171" lon="121.3955854"/>
 <node id="11947838108" visible="true" version="1" changeset="152080569" timestamp="2024-05-31T13:07:26Z" user="vasqaa" uid="20928010" lat="14.2623596" lon="121.3956584"/>
 <node id="11947838109" visible="true" version="1" changeset="152080569" timestamp="2024-05-31T13:07:26Z" user="vasqaa" uid="20928010" lat="14.2622724" lon="121.3952536"/>
 <node id="11947838110" visible="true" version="1" changeset="152080569" timestamp="2024-05-31T13:07:26Z" user="vasqaa" uid="20928010" lat="14.2612422" lon="121.3967634"/>
 <node id="11947838111" visible="true" version="2" changeset="152848621" timestamp="2024-06-18T13:17:30Z" user="vasqaa" uid="20928010" lat="14.2615827" lon="121.3967020"/>
 <node id="11947838161" visible="true" version="1" changeset="152080569" timestamp="2024-05-31T13:07:26Z" user="vasqaa" uid="20928010" lat="14.2633544" lon="121.3988112"/>
 <node id="11947838162" visible="true" version="1" changeset="152080569" timestamp="2024-05-31T13:07:26Z" user="vasqaa" uid="20928010" lat="14.2628802" lon="121.3990237"/>
 <node id="11947838163" visible="true" version="1" changeset="152080569" timestamp="2024-05-31T13:07:26Z" user="vasqaa" uid="20928010" lat="14.2631028" lon="121.3995708"/>
 <node id="11947838164" visible="true" version="1" changeset="152080569" timestamp="2024-05-31T13:07:26Z" user="vasqaa" uid="20928010" lat="14.2630216" lon="121.3996095"/>
 <node id="11947838165" visible="true" version="1" changeset="152080569" timestamp="2024-05-31T13:07:26Z" user="vasqaa" uid="20928010" lat="14.2630882" lon="121.3998155"/>
 <node id="11947838166" visible="true" version="1" changeset="152080569" timestamp="2024-05-31T13:07:26Z" user="vasqaa" uid="20928010" lat="14.2631547" lon="121.3998047"/>
 <node id="11947838167" visible="true" version="1" changeset="152080569" timestamp="2024-05-31T13:07:26Z" user="vasqaa" uid="20928010" lat="14.2632641" lon="121.4001170"/>
 <node id="11947838168" visible="true" version="1" changeset="152080569" timestamp="2024-05-31T13:07:26Z" user="vasqaa" uid="20928010" lat="14.2638625" lon="121.3993624"/>
 <node id="11947838169" visible="true" version="1" changeset="152080569" timestamp="2024-05-31T13:07:26Z" user="vasqaa" uid="20928010" lat="14.2636455" lon="121.3994378"/>
 <node id="11947838170" visible="true" version="1" changeset="152080569" timestamp="2024-05-31T13:07:26Z" user="vasqaa" uid="20928010" lat="14.2635499" lon="121.3991653"/>
 <node id="11947838171" visible="true" version="1" changeset="152080569" timestamp="2024-05-31T13:07:26Z" user="vasqaa" uid="20928010" lat="14.2634916" lon="121.3991889"/>
 <node id="11947838172" visible="true" version="1" changeset="152080569" timestamp="2024-05-31T13:07:26Z" user="vasqaa" uid="20928010" lat="14.2635699" lon="121.4008478"/>
 <node id="11990118412" visible="true" version="1" changeset="152848621" timestamp="2024-06-18T13:17:30Z" user="vasqaa" uid="20928010" lat="14.2619497" lon="121.3988795"/>
 <node id="11990118413" visible="true" version="1" changeset="152848621" timestamp="2024-06-18T13:17:30Z" user="vasqaa" uid="20928010" lat="14.2621167" lon="121.3990995"/>
 <node id="11990118414" visible="true" version="1" changeset="152848621" timestamp="2024-06-18T13:17:30Z" user="vasqaa" uid="20928010" lat="14.2623084" lon="121.3991418"/>
 <node id="11990118415" visible="true" version="2" changeset="175301367" timestamp="2025-11-30T07:01:03Z" user="EW09" uid="23561769" lat="14.2623907" lon="121.3972190">
  <tag k="crossing" v="unmarked"/>
  <tag k="crossing:markings" v="no"/>
  <tag k="highway" v="crossing"/>
 </node>
 <node id="11990118416" visible="true" version="1" changeset="152848621" timestamp="2024-06-18T13:17:30Z" user="vasqaa" uid="20928010" lat="14.2620778" lon="121.3978033"/>
 <node id="11990118417" visible="true" version="1" changeset="152848621" timestamp="2024-06-18T13:17:30Z" user="vasqaa" uid="20928010" lat="14.2633276" lon="121.3974589"/>
 <node id="11990118418" visible="true" version="1" changeset="152848621" timestamp="2024-06-18T13:17:30Z" user="vasqaa" uid="20928010" lat="14.2632241" lon="121.3974931"/>
 <node id="11990118419" visible="true" version="1" changeset="152848621" timestamp="2024-06-18T13:17:30Z" user="vasqaa" uid="20928010" lat="14.2634462" lon="121.3977575"/>
 <node id="11990118420" visible="true" version="1" changeset="152848621" timestamp="2024-06-18T13:17:30Z" user="vasqaa" uid="20928010" lat="14.2634169" lon="121.3976630"/>
 <node id="11990118421" visible="true" version="1" changeset="152848621" timestamp="2024-06-18T13:17:30Z" user="vasqaa" uid="20928010" lat="14.2633934" lon="121.3976708"/>
 <node id="11990118425" visible="true" version="1" changeset="152848621" timestamp="2024-06-18T13:17:30Z" user="vasqaa" uid="20928010" lat="14.2627034" lon="121.3975982"/>
 <node id="11990118426" visible="true" version="1" changeset="152848621" timestamp="2024-06-18T13:17:30Z" user="vasqaa" uid="20928010" lat="14.2624764" lon="121.3971893">
  <tag k="entrance" v="yes"/>
 </node>
 <node id="11990118427" visible="true" version="1" changeset="152848621" timestamp="2024-06-18T13:17:30Z" user="vasqaa" uid="20928010" lat="14.2621818" lon="121.3977686">
  <tag k="entrance" v="yes"/>
 </node>
 <node id="11990118429" visible="true" version="1" changeset="152848621" timestamp="2024-06-18T13:17:30Z" user="vasqaa" uid="20928010" lat="14.2608978" lon="121.3973884"/>
 <node id="12565553747" visible="true" version="1" changeset="162245514" timestamp="2025-02-07T13:24:42Z" user="vasqaa" uid="20928010" lat="14.2574938" lon="121.3985010"/>
 <node id="12565553748" visible="true" version="1" changeset="162245514" timestamp="2025-02-07T13:24:42Z" user="vasqaa" uid="20928010" lat="14.2563212" lon="121.3993733"/>
 <node id="12565553749" visible="true" version="1" changeset="162245514" timestamp="2025-02-07T13:24:42Z" user="vasqaa" uid="20928010" lat="14.2559110" lon="121.3996178"/>
 <node id="12565553750" visible="true" version="3" changeset="183367866" timestamp="2026-05-29T17:51:42Z" user="VMPanes" uid="1488198" lat="14.2557311" lon="121.3997843"/>
 <node id="12565553751" visible="true" version="1" changeset="162245514" timestamp="2025-02-07T13:24:42Z" user="vasqaa" uid="20928010" lat="14.2549096" lon="121.4008074"/>
 <node id="12565553753" visible="true" version="1" changeset="162245514" timestamp="2025-02-07T13:24:42Z" user="vasqaa" uid="20928010" lat="14.2546640" lon="121.4010512"/>
 <node id="12565553756" visible="true" version="1" changeset="162245514" timestamp="2025-02-07T13:24:42Z" user="vasqaa" uid="20928010" lat="14.2537936" lon="121.4016482"/>
 <node id="12565573512" visible="true" version="1" changeset="162246050" timestamp="2025-02-07T13:40:24Z" user="vasqaa" uid="20928010" lat="14.2614488" lon="121.3978317"/>
 <node id="12565573513" visible="true" version="1" changeset="162246050" timestamp="2025-02-07T13:40:24Z" user="vasqaa" uid="20928010" lat="14.2613423" lon="121.3978767"/>
 <node id="12565573514" visible="true" version="1" changeset="162246050" timestamp="2025-02-07T13:40:24Z" user="vasqaa" uid="20928010" lat="14.2615076" lon="121.3982931"/>
 <node id="12565573515" visible="true" version="1" changeset="162246050" timestamp="2025-02-07T13:40:24Z" user="vasqaa" uid="20928010" lat="14.2616141" lon="121.3982480"/>
 <node id="12565573520" visible="true" version="1" changeset="162246050" timestamp="2025-02-07T13:40:24Z" user="vasqaa" uid="20928010" lat="14.2627026" lon="121.3976499"/>
 <node id="12744477855" visible="true" version="1" changeset="164764555" timestamp="2025-04-10T11:44:11Z" user="vasqaa" uid="20928010" lat="14.2616432" lon="121.3977956"/>
 <node id="12744477856" visible="true" version="1" changeset="164764555" timestamp="2025-04-10T11:44:11Z" user="vasqaa" uid="20928010" lat="14.2615788" lon="121.3978220"/>
 <node id="12744477857" visible="true" version="1" changeset="164764555" timestamp="2025-04-10T11:44:11Z" user="vasqaa" uid="20928010" lat="14.2616733" lon="121.3980667"/>
 <node id="12744477858" visible="true" version="1" changeset="164764555" timestamp="2025-04-10T11:44:11Z" user="vasqaa" uid="20928010" lat="14.2617024" lon="121.3980548"/>
 <node id="12744477859" visible="true" version="1" changeset="164764555" timestamp="2025-04-10T11:44:11Z" user="vasqaa" uid="20928010" lat="14.2616682" lon="121.3979663"/>
 <node id="12744477860" visible="true" version="1" changeset="164764555" timestamp="2025-04-10T11:44:11Z" user="vasqaa" uid="20928010" lat="14.2617502" lon="121.3979326"/>
 <node id="12744477861" visible="true" version="1" changeset="164764555" timestamp="2025-04-10T11:44:11Z" user="vasqaa" uid="20928010" lat="14.2617272" lon="121.3978731"/>
 <node id="12744477862" visible="true" version="1" changeset="164764555" timestamp="2025-04-10T11:44:11Z" user="vasqaa" uid="20928010" lat="14.2622004" lon="121.3980578"/>
 <node id="12744477863" visible="true" version="1" changeset="164764555" timestamp="2025-04-10T11:44:11Z" user="vasqaa" uid="20928010" lat="14.2622806" lon="121.3980633"/>
 <node id="12744477864" visible="true" version="1" changeset="164764555" timestamp="2025-04-10T11:44:11Z" user="vasqaa" uid="20928010" lat="14.2625573" lon="121.3979706"/>
 <node id="12744477865" visible="true" version="1" changeset="164764555" timestamp="2025-04-10T11:44:11Z" user="vasqaa" uid="20928010" lat="14.2625452" lon="121.3975161"/>
 <node id="12744477866" visible="true" version="1" changeset="164764555" timestamp="2025-04-10T11:44:11Z" user="vasqaa" uid="20928010" lat="14.2619679" lon="121.3974564"/>
 <node id="12744477867" visible="true" version="1" changeset="164764555" timestamp="2025-04-10T11:44:11Z" user="vasqaa" uid="20928010" lat="14.2620927" lon="121.3974135"/>
 <node id="12744477868" visible="true" version="1" changeset="164764555" timestamp="2025-04-10T11:44:11Z" user="vasqaa" uid="20928010" lat="14.2622475" lon="121.3972949"/>
 <node id="12744477869" visible="true" version="1" changeset="164764555" timestamp="2025-04-10T11:44:11Z" user="vasqaa" uid="20928010" lat="14.2622667" lon="121.3973539"/>
 <node id="12744477870" visible="true" version="1" changeset="164764555" timestamp="2025-04-10T11:44:11Z" user="vasqaa" uid="20928010" lat="14.2621712" lon="121.3973871"/>
 <node id="12744477871" visible="true" version="1" changeset="164764555" timestamp="2025-04-10T11:44:11Z" user="vasqaa" uid="20928010" lat="14.2621520" lon="121.3973280"/>
 <node id="12744477872" visible="true" version="1" changeset="164764555" timestamp="2025-04-10T11:44:11Z" user="vasqaa" uid="20928010" lat="14.2625350" lon="121.3972005"/>
 <node id="12744477873" visible="true" version="1" changeset="164764555" timestamp="2025-04-10T11:44:11Z" user="vasqaa" uid="20928010" lat="14.2625068" lon="121.3971076"/>
 <node id="12744477874" visible="true" version="1" changeset="164764555" timestamp="2025-04-10T11:44:11Z" user="vasqaa" uid="20928010" lat="14.2624567" lon="121.3971238"/>
 <node id="12744477875" visible="true" version="1" changeset="164764555" timestamp="2025-04-10T11:44:11Z" user="vasqaa" uid="20928010" lat="14.2623087" lon="121.3969724"/>
 <node id="12744477876" visible="true" version="1" changeset="164764555" timestamp="2025-04-10T11:44:11Z" user="vasqaa" uid="20928010" lat="14.2622664" lon="121.3969925"/>
 <node id="12744477877" visible="true" version="1" changeset="164764555" timestamp="2025-04-10T11:44:11Z" user="vasqaa" uid="20928010" lat="14.2622853" lon="121.3970748"/>
 <node id="12744477878" visible="true" version="2" changeset="165712863" timestamp="2025-05-02T10:36:41Z" user="vasqaa" uid="20928010" lat="14.2625484" lon="121.3970186"/>
 <node id="12744477879" visible="true" version="1" changeset="164764555" timestamp="2025-04-10T11:44:11Z" user="vasqaa" uid="20928010" lat="14.2626707" lon="121.3965545"/>
 <node id="12744477880" visible="true" version="1" changeset="164764555" timestamp="2025-04-10T11:44:11Z" user="vasqaa" uid="20928010" lat="14.2634379" lon="121.3983297"/>
 <node id="12744477881" visible="true" version="1" changeset="164764555" timestamp="2025-04-10T11:44:11Z" user="vasqaa" uid="20928010" lat="14.2633420" lon="121.3983656"/>
 <node id="12803866562" visible="true" version="1" changeset="165712863" timestamp="2025-05-02T10:36:41Z" user="vasqaa" uid="20928010" lat="14.2626318" lon="121.3972699"/>
 <node id="13341915702" visible="true" version="1" changeset="175301367" timestamp="2025-11-30T07:01:03Z" user="EW09" uid="23561769" lat="14.2625199" lon="121.3976553">
  <tag k="entrance" v="yes"/>
 </node>
 <node id="13341915703" visible="true" version="2" changeset="175385688" timestamp="2025-12-02T05:27:04Z" user="viiiiiiiin" uid="23559132" lat="14.2625394" lon="121.3977243">
  <tag k="highway" v="crossing"/>
 </node>
 <node id="13341915704" visible="true" version="1" changeset="175301367" timestamp="2025-11-30T07:01:03Z" user="EW09" uid="23561769" lat="14.2623019" lon="121.3975965">
  <tag k="entrance" v="yes"/>
 </node>
 <node id="13341915705" visible="true" version="3" changeset="175473158" timestamp="2025-12-04T05:34:34Z" user="EW09" uid="23561769" lat="14.2623656" lon="121.3977805">
  <tag k="highway" v="crossing"/>
 </node>
 <node id="13341915706" visible="true" version="1" changeset="175301367" timestamp="2025-11-30T07:01:03Z" user="EW09" uid="23561769" lat="14.2623434" lon="121.3977144">
  <tag k="entrance" v="yes"/>
 </node>
 <node id="13341915707" visible="true" version="1" changeset="175301367" timestamp="2025-11-30T07:01:03Z" user="EW09" uid="23561769" lat="14.2621632" lon="121.3977105">
  <tag k="crossing" v="unmarked"/>
  <tag k="crossing:markings" v="no"/>
  <tag k="highway" v="crossing"/>
 </node>
 <node id="13341915708" visible="true" version="1" changeset="175301367" timestamp="2025-11-30T07:01:03Z" user="EW09" uid="23561769" lat="14.2623241" lon="121.3976595">
  <tag k="crossing" v="unmarked"/>
  <tag k="crossing:markings" v="no"/>
  <tag k="highway" v="crossing"/>
 </node>
 <node id="13341915709" visible="true" version="1" changeset="175301367" timestamp="2025-11-30T07:01:03Z" user="EW09" uid="23561769" lat="14.2625016" lon="121.3975936">
  <tag k="crossing" v="unmarked"/>
  <tag k="crossing:markings" v="no"/>
  <tag k="highway" v="crossing"/>
 </node>
 <node id="13347208166" visible="true" version="1" changeset="175385688" timestamp="2025-12-02T05:27:04Z" user="viiiiiiiin" uid="23559132" lat="14.2616380" lon="121.3980159">
  <tag k="access" v="permissive"/>
  <tag k="barrier" v="gate"/>
 </node>
 <node id="13347208167" visible="true" version="1" changeset="175385688" timestamp="2025-12-02T05:27:04Z" user="viiiiiiiin" uid="23559132" lat="14.2615928" lon="121.3980305"/>
 <node id="13352554556" visible="true" version="2" changeset="175869829" timestamp="2025-12-13T03:29:57Z" user="EW09" uid="23561769" lat="14.2627134" lon="121.3978138">
  <tag k="crossing" v="unmarked"/>
  <tag k="crossing:markings" v="no"/>
  <tag k="highway" v="crossing"/>
  <tag k="name" v="Volleyball Court"/>
 </node>
 <node id="13352554558" visible="true" version="1" changeset="175473158" timestamp="2025-12-04T05:34:34Z" user="EW09" uid="23561769" lat="14.2628848" lon="121.3977553"/>
 <node id="13352554560" visible="true" version="1" changeset="175473158" timestamp="2025-12-04T05:34:34Z" user="EW09" uid="23561769" lat="14.2631704" lon="121.3985518"/>
 <node id="13352554562" visible="true" version="1" changeset="175473158" timestamp="2025-12-04T05:34:34Z" user="EW09" uid="23561769" lat="14.2634121" lon="121.3984885"/>
 <node id="13352554564" visible="true" version="1" changeset="175473158" timestamp="2025-12-04T05:34:34Z" user="EW09" uid="23561769" lat="14.2625900" lon="121.3971440">
  <tag k="crossing" v="uncontrolled"/>
  <tag k="crossing:markings" v="yes"/>
  <tag k="highway" v="crossing"/>
 </node>
 <node id="13352554565" visible="true" version="1" changeset="175473158" timestamp="2025-12-04T05:34:34Z" user="EW09" uid="23561769" lat="14.2624083" lon="121.3970103"/>
 <node id="13352554566" visible="true" version="1" changeset="175473158" timestamp="2025-12-04T05:34:34Z" user="EW09" uid="23561769" lat="14.2624971" lon="121.3969776"/>
 <node id="13352554567" visible="true" version="1" changeset="175473158" timestamp="2025-12-04T05:34:34Z" user="EW09" uid="23561769" lat="14.2636684" lon="121.3983283"/>
 <node id="13352554568" visible="true" version="2" changeset="175870129" timestamp="2025-12-13T03:53:22Z" user="EW09" uid="23561769" lat="14.2633529" lon="121.3984368">
  <tag k="crossing" v="unmarked"/>
  <tag k="crossing:markings" v="no"/>
  <tag k="highway" v="crossing"/>
 </node>
 <node id="13352554569" visible="true" version="1" changeset="175473158" timestamp="2025-12-04T05:34:34Z" user="EW09" uid="23561769" lat="14.2632497" lon="121.3981472"/>
 <node id="13352554570" visible="true" version="1" changeset="175473158" timestamp="2025-12-04T05:34:34Z" user="EW09" uid="23561769" lat="14.2631670" lon="121.3979037"/>
 <node id="13352554571" visible="true" version="1" changeset="175473158" timestamp="2025-12-04T05:34:34Z" user="EW09" uid="23561769" lat="14.2629404" lon="121.3979712"/>
 <node id="13352554572" visible="true" version="2" changeset="175990266" timestamp="2025-12-16T06:37:19Z" user="neeli_srikanth" uid="12625709" lat="14.2628650" lon="121.3977621"/>
 <node id="13363159357" visible="true" version="1" changeset="175700703" timestamp="2025-12-09T08:05:46Z" user="EW09" uid="23561769" lat="14.2627127" lon="121.3973582"/>
 <node id="13363159358" visible="true" version="1" changeset="175700703" timestamp="2025-12-09T08:05:46Z" user="EW09" uid="23561769" lat="14.2626848" lon="121.3973704"/>
 <node id="13363159359" visible="true" version="1" changeset="175700703" timestamp="2025-12-09T08:05:46Z" user="EW09" uid="23561769" lat="14.2626087" lon="121.3971336"/>
 <node id="13363159360" visible="true" version="1" changeset="175700703" timestamp="2025-12-09T08:05:46Z" user="EW09" uid="23561769" lat="14.2625319" lon="121.3968924"/>
 <node id="13363159361" visible="true" version="1" changeset="175700703" timestamp="2025-12-09T08:05:46Z" user="EW09" uid="23561769" lat="14.2625133" lon="121.3968340"/>
 <node id="13363159362" visible="true" version="1" changeset="175700703" timestamp="2025-12-09T08:05:46Z" user="EW09" uid="23561769" lat="14.2625046" lon="121.3971796"/>
 <node id="13363159363" visible="true" version="1" changeset="175700703" timestamp="2025-12-09T08:05:46Z" user="EW09" uid="23561769" lat="14.2624536" lon="121.3969936"/>
 <node id="13363159364" visible="true" version="1" changeset="175700703" timestamp="2025-12-09T08:05:46Z" user="EW09" uid="23561769" lat="14.2623937" lon="121.3968122"/>
 <node id="13363159365" visible="true" version="1" changeset="175700703" timestamp="2025-12-09T08:05:46Z" user="EW09" uid="23561769" lat="14.2626953" lon="121.3967105"/>
 <node id="13363159366" visible="true" version="1" changeset="175700703" timestamp="2025-12-09T08:05:46Z" user="EW09" uid="23561769" lat="14.2628901" lon="121.3966418"/>
 <node id="13363159367" visible="true" version="1" changeset="175700703" timestamp="2025-12-09T08:05:46Z" user="EW09" uid="23561769" lat="14.2623871" lon="121.3967503"/>
 <node id="13363159368" visible="true" version="1" changeset="175700703" timestamp="2025-12-09T08:05:46Z" user="EW09" uid="23561769" lat="14.2622361" lon="121.3963203"/>
 <node id="13363159369" visible="true" version="1" changeset="175700703" timestamp="2025-12-09T08:05:46Z" user="EW09" uid="23561769" lat="14.2624958" lon="121.3962289"/>
 <node id="13363159370" visible="true" version="1" changeset="175700703" timestamp="2025-12-09T08:05:46Z" user="EW09" uid="23561769" lat="14.2626569" lon="121.3967234"/>
 <node id="13363159371" visible="true" version="1" changeset="175700703" timestamp="2025-12-09T08:05:46Z" user="EW09" uid="23561769" lat="14.2618022" lon="121.3979628"/>
 <node id="13363159373" visible="true" version="1" changeset="175700703" timestamp="2025-12-09T08:05:46Z" user="EW09" uid="23561769" lat="14.2616666" lon="121.3979420"/>
 <node id="13363159374" visible="true" version="1" changeset="175700703" timestamp="2025-12-09T08:05:46Z" user="EW09" uid="23561769" lat="14.2620497" lon="121.3977889"/>
 <node id="13363159375" visible="true" version="1" changeset="175700703" timestamp="2025-12-09T08:05:46Z" user="EW09" uid="23561769" lat="14.2620679" lon="121.3978165"/>
 <node id="13363159376" visible="true" version="1" changeset="175700703" timestamp="2025-12-09T08:05:46Z" user="EW09" uid="23561769" lat="14.2618720" lon="121.3981506"/>
 <node id="13363159377" visible="true" version="1" changeset="175700703" timestamp="2025-12-09T08:05:46Z" user="EW09" uid="23561769" lat="14.2622518" lon="121.3980044"/>
 <node id="13363159378" visible="true" version="2" changeset="177243198" timestamp="2026-01-15T03:45:09Z" user="durga_uppada" uid="20510226" lat="14.2620482" lon="121.3980871"/>
 <node id="13363159381" visible="true" version="1" changeset="175700703" timestamp="2025-12-09T08:05:46Z" user="EW09" uid="23561769" lat="14.2616300" lon="121.3979547">
  <tag k="entrance" v="yes"/>
 </node>
 <node id="13363159382" visible="true" version="1" changeset="175700703" timestamp="2025-12-09T08:05:46Z" user="EW09" uid="23561769" lat="14.2616647" lon="121.3980073">
  <tag k="entrance" v="yes"/>
 </node>
 <node id="13373240665" visible="true" version="2" changeset="175990266" timestamp="2025-12-16T06:37:19Z" user="neeli_srikanth" uid="12625709" lat="14.2628837" lon="121.3977554"/>
 <node id="13373240667" visible="true" version="1" changeset="175869829" timestamp="2025-12-13T03:29:57Z" user="EW09" uid="23561769" lat="14.2627989" lon="121.3977888">
  <tag k="crossing" v="unmarked"/>
  <tag k="crossing:markings" v="no"/>
  <tag k="highway" v="crossing"/>
  <tag k="name" v="Volleyball Court"/>
 </node>
 <node id="13373243836" visible="true" version="1" changeset="175870129" timestamp="2025-12-13T03:53:22Z" user="EW09" uid="23561769" lat="14.2624767" lon="121.3969158"/>
 <node id="13373243837" visible="true" version="1" changeset="175870129" timestamp="2025-12-13T03:53:22Z" user="EW09" uid="23561769" lat="14.2622802" lon="121.3972511"/>
 <node id="13373243838" visible="true" version="1" changeset="175870129" timestamp="2025-12-13T03:53:22Z" user="EW09" uid="23561769" lat="14.2622579" lon="121.3974664"/>
 <way id="23434691" visible="true" version="82" changeset="175483087" timestamp="2025-12-04T10:24:17Z" user="LakePoopó" uid="20109123">
  <nd ref="279423506"/>
  <nd ref="8305751413"/>
  <nd ref="492137328"/>
  <nd ref="1329110182"/>
  <nd ref="371266612"/>
  <nd ref="253769003"/>
  <nd ref="1362326818"/>
  <nd ref="253498614"/>
  <nd ref="371266613"/>
  <nd ref="11990118429"/>
  <nd ref="253770635"/>
  <nd ref="9584394795"/>
  <nd ref="9584394794"/>
  <nd ref="492136311"/>
  <nd ref="8893820454"/>
  <nd ref="492136312"/>
  <nd ref="253774189"/>
  <nd ref="8893820453"/>
  <nd ref="492136309"/>
  <nd ref="13347208167"/>
  <nd ref="1327021504"/>
  <nd ref="253805305"/>
  <nd ref="8037405352"/>
  <nd ref="8037405353"/>
  <nd ref="253782678"/>
  <nd ref="253511757"/>
  <nd ref="8037405354"/>
  <nd ref="371266614"/>
  <nd ref="8037405355"/>
  <nd ref="253769098"/>
  <nd ref="253797908"/>
  <nd ref="3753922638"/>
  <nd ref="316156746"/>
  <nd ref="492136307"/>
  <nd ref="316156747"/>
  <nd ref="316156748"/>
  <nd ref="253509737"/>
  <nd ref="8893820478"/>
  <nd ref="316156749"/>
  <nd ref="253767414"/>
  <nd ref="371326958"/>
  <nd ref="253770326"/>
  <nd ref="253763636"/>
  <nd ref="253805445"/>
  <nd ref="2245773195"/>
  <nd ref="253801268"/>
  <nd ref="253507708"/>
  <nd ref="1504861224"/>
  <nd ref="371266595"/>
  <nd ref="253784191"/>
  <nd ref="8906249447"/>
  <nd ref="3753922654"/>
  <nd ref="371266596"/>
  <tag k="designation" v="national_tertiary_road"/>
  <tag k="highway" v="secondary"/>
  <tag k="lanes" v="2"/>
  <tag k="maxspeed" v="40"/>
  <tag k="name" v="Quezon Avenue"/>
  <tag k="name:es" v="Avenida Quezon"/>
  <tag k="name:etymology" v="Manuel Luis Quezon"/>
  <tag k="name:etymology:wikidata" v="Q1503"/>
  <tag k="name:etymology:wikipedia" v="es:Manuel L. Quezon"/>
  <tag k="surface" v="asphalt"/>
 </way>
 <way id="32553802" visible="true" version="7" changeset="107414243" timestamp="2021-07-05T04:33:25Z" user="vam_shi" uid="11585588">
  <nd ref="492136309"/>
  <nd ref="366119719"/>
  <nd ref="8893820468"/>
  <nd ref="8893820467"/>
  <nd ref="8893820469"/>
  <nd ref="366119720"/>
  <nd ref="366119722"/>
  <nd ref="8893820470"/>
  <nd ref="8893820471"/>
  <nd ref="366119723"/>
  <nd ref="366119724"/>
  <nd ref="366119880"/>
  <nd ref="371266592"/>
  <nd ref="366119914"/>
  <nd ref="366119725"/>
  <nd ref="366119727"/>
  <nd ref="366119728"/>
  <tag k="highway" v="residential"/>
 </way>
 <way id="32553803" visible="true" version="6" changeset="364983" timestamp="2009-04-10T02:54:12Z" user="ianlopez1115" uid="44938">
  <nd ref="366119728"/>
  <nd ref="371266591"/>
  <nd ref="371266593"/>
  <nd ref="371266594"/>
  <nd ref="366119759"/>
  <tag k="created_by" v="Potlatch 0.10f"/>
  <tag k="highway" v="residential"/>
 </way>
 <way id="32553806" visible="true" version="3" changeset="364983" timestamp="2009-04-10T02:54:01Z" user="ianlopez1115" uid="44938">
  <nd ref="366119759"/>
  <nd ref="366119723"/>
  <tag k="created_by" v="Potlatch 0.10f"/>
  <tag k="highway" v="residential"/>
 </way>
 <way id="32553807" visible="true" version="5" changeset="96655915" timestamp="2020-12-30T09:38:44Z" user="ForestPark" uid="10529547">
  <nd ref="366119880"/>
  <nd ref="371266594"/>
  <tag k="highway" v="residential"/>
 </way>
 <way id="32553811" visible="true" version="4" changeset="96655915" timestamp="2020-12-30T09:38:44Z" user="ForestPark" uid="10529547">
  <nd ref="366119914"/>
  <nd ref="371266591"/>
  <tag k="highway" v="residential"/>
 </way>
 <way id="32553828" visible="true" version="4" changeset="96655915" timestamp="2020-12-30T09:38:44Z" user="ForestPark" uid="10529547">
  <nd ref="371266592"/>
  <nd ref="371266593"/>
  <tag k="highway" v="residential"/>
 </way>
 <way id="32620341" visible="true" version="6" changeset="125926473" timestamp="2022-09-08T05:55:02Z" user="MountNarodnaya" uid="16161926">
  <nd ref="366837799"/>
  <nd ref="366837802"/>
  <nd ref="366837806"/>
  <nd ref="10008086186"/>
  <nd ref="10008086185"/>
  <nd ref="366837809"/>
  <nd ref="366837812"/>
  <nd ref="366837816"/>
  <nd ref="1314699981"/>
  <tag k="highway" v="residential"/>
  <tag k="surface" v="dirt"/>
 </way>
 <way id="32620385" visible="true" version="8" changeset="96655915" timestamp="2020-12-30T09:38:44Z" user="ForestPark" uid="10529547">
  <nd ref="371266617"/>
  <nd ref="8037405357"/>
  <tag k="highway" v="residential"/>
  <tag k="source" v="Bing"/>
 </way>
 <way id="32620390" visible="true" version="8" changeset="135433343" timestamp="2023-04-27T15:30:06Z" user="DaDapperMapper" uid="13771183">
  <nd ref="6415556883"/>
  <nd ref="366838122"/>
  <nd ref="366838686"/>
  <nd ref="10846552212"/>
  <nd ref="366838687"/>
  <tag k="highway" v="residential"/>
  <tag k="source" v="Bing"/>
 </way>
 <way id="32620397" visible="true" version="11" changeset="135433343" timestamp="2023-04-27T15:30:06Z" user="DaDapperMapper" uid="13771183">
  <nd ref="366838357"/>
  <nd ref="10846552216"/>
  <nd ref="8273441099"/>
  <nd ref="8037405357"/>
  <nd ref="1750580236"/>
  <nd ref="366838744"/>
  <nd ref="10846552210"/>
  <nd ref="6415556883"/>
  <tag k="highway" v="residential"/>
  <tag k="source" v="Bing"/>
 </way>
 <way id="32620418" visible="true" version="4" changeset="13645275" timestamp="2012-10-27T03:01:24Z" user="ianlopez1115" uid="44938">
  <nd ref="366838713"/>
  <nd ref="366838744"/>
  <nd ref="1314712367"/>
  <tag k="highway" v="residential"/>
  <tag k="source" v="Bing"/>
 </way>
 <way id="117892685" visible="true" version="3" changeset="92903971" timestamp="2020-10-22T14:48:52Z" user="ShilaMariia" uid="10938067">
  <nd ref="1327021504"/>
  <nd ref="1327021512"/>
  <nd ref="8037405347"/>
  <nd ref="8037405348"/>
  <nd ref="8037405349"/>
  <nd ref="1327021503"/>
  <nd ref="1327021510"/>
  <nd ref="1327021508"/>
  <tag k="highway" v="service"/>
  <tag k="source" v="Bing"/>
 </way>
 <way id="118115564" visible="true" version="5" changeset="135433343" timestamp="2023-04-27T15:30:06Z" user="DaDapperMapper" uid="13771183">
  <nd ref="366838687"/>
  <nd ref="366838689"/>
  <nd ref="366838713"/>
  <nd ref="371266617"/>
  <nd ref="10846552213"/>
  <nd ref="366838694"/>
  <tag k="highway" v="residential"/>
  <tag k="source" v="Bing"/>
 </way>
 <way id="120753131" visible="true" version="12" changeset="152848621" timestamp="2024-06-18T13:17:30Z" user="vasqaa" uid="20928010">
  <nd ref="8357388680"/>
  <nd ref="8357388679"/>
  <nd ref="8357388681"/>
  <nd ref="8357388682"/>
  <nd ref="8357388683"/>
  <nd ref="8357388684"/>
  <nd ref="8357388685"/>
  <nd ref="8357388686"/>
  <nd ref="8357388687"/>
  <nd ref="8357388689"/>
  <nd ref="8357388690"/>
  <nd ref="1353164715"/>
  <nd ref="1353164809"/>
  <nd ref="1353164905"/>
  <nd ref="1353164891"/>
  <nd ref="1353164846"/>
  <nd ref="11634372595"/>
  <nd ref="2245773123"/>
  <nd ref="2245773120"/>
  <nd ref="1353164716"/>
  <nd ref="1353164810"/>
  <nd ref="11634372625"/>
  <nd ref="1353164903"/>
  <nd ref="1353164901"/>
  <nd ref="1353164876"/>
  <nd ref="1353164918"/>
  <nd ref="1353164743"/>
  <nd ref="1353164739"/>
  <nd ref="1353164722"/>
  <nd ref="1353164827"/>
  <nd ref="1353164700"/>
  <nd ref="1353164884"/>
  <nd ref="1353164701"/>
  <nd ref="1353164695"/>
  <nd ref="1353164686"/>
  <nd ref="1353164832"/>
  <nd ref="1353164893"/>
  <nd ref="1353164791"/>
  <nd ref="8357376804"/>
  <nd ref="1353164796"/>
  <nd ref="1353164930"/>
  <nd ref="8357388680"/>
  <tag k="crop" v="rice"/>
  <tag k="landuse" v="farmland"/>
 </way>
 <way id="121783486" visible="true" version="13" changeset="167579472" timestamp="2025-06-13T15:00:28Z" user="b-jazz-bot" uid="9451067">
  <nd ref="1362326572"/>
  <nd ref="12744477875"/>
  <nd ref="12744477876"/>
  <nd ref="12744477877"/>
  <nd ref="1362326578"/>
  <nd ref="1362326577"/>
  <nd ref="1362326584"/>
  <nd ref="1362326582"/>
  <nd ref="1327021502"/>
  <nd ref="5511982654"/>
  <nd ref="11990118412"/>
  <nd ref="1362326574"/>
  <nd ref="11990118413"/>
  <nd ref="1985258907"/>
  <nd ref="11990118414"/>
  <nd ref="1362326581"/>
  <nd ref="5513931815"/>
  <nd ref="1362326580"/>
  <nd ref="8037405358"/>
  <nd ref="1362326571"/>
  <nd ref="1362326579"/>
  <nd ref="1353164809"/>
  <nd ref="1353164905"/>
  <nd ref="11947838106"/>
  <nd ref="1362326572"/>
  <tag k="addr:city" v="Santa Cruz"/>
  <tag k="addr:postcode" v="4009"/>
  <tag k="addr:province" v="Laguna"/>
  <tag k="amenity" v="university"/>
  <tag k="name" v="Laguna State Polytechnic University - Santa Cruz Main Campus"/>
  <tag k="website" v="https://lspu.edu.ph/"/>
 </way>
 <way id="133605046" visible="true" version="13" changeset="175700703" timestamp="2025-12-09T08:05:46Z" user="EW09" uid="23561769">
  <nd ref="13341915705"/>
  <nd ref="5513931734"/>
  <nd ref="13363159371"/>
  <nd ref="13363159382"/>
  <nd ref="13347208166"/>
  <nd ref="13347208167"/>
  <tag k="highway" v="service"/>
  <tag k="oneway" v="no"/>
 </way>
 <way id="187888574" visible="true" version="6" changeset="164764555" timestamp="2025-04-10T11:44:11Z" user="vasqaa" uid="20928010">
  <nd ref="1353164923"/>
  <nd ref="11947838111"/>
  <nd ref="10558916222"/>
  <nd ref="1985258905"/>
  <nd ref="5513931783"/>
  <nd ref="5513931782"/>
  <nd ref="5513931781"/>
  <nd ref="1362326582"/>
  <nd ref="1362326584"/>
  <nd ref="1362326577"/>
  <nd ref="1362326578"/>
  <nd ref="12744477877"/>
  <nd ref="12744477876"/>
  <nd ref="12744477875"/>
  <nd ref="1362326572"/>
  <nd ref="1353164724"/>
  <nd ref="1353164923"/>
  <tag k="landuse" v="residential"/>
  <tag k="source" v="Bing"/>
 </way>
 <way id="187888611" visible="true" version="4" changeset="152080569" timestamp="2024-05-31T13:07:26Z" user="vasqaa" uid="20928010">
  <nd ref="1370717020"/>
  <nd ref="11947838172"/>
  <nd ref="1985259372"/>
  <nd ref="8433901730"/>
  <nd ref="1985259371"/>
  <nd ref="11947838167"/>
  <nd ref="1985259374"/>
  <nd ref="1985259373"/>
  <nd ref="1985259376"/>
  <nd ref="11947838168"/>
  <nd ref="1985259375"/>
  <nd ref="1985259379"/>
  <nd ref="1985259377"/>
  <nd ref="8039470486"/>
  <nd ref="1985259380"/>
  <nd ref="1985259383"/>
  <nd ref="366842271"/>
  <nd ref="1370717011"/>
  <nd ref="1370717015"/>
  <nd ref="1370717020"/>
  <tag k="landuse" v="residential"/>
  <tag k="name" v="Trade Village"/>
  <tag k="place" v="neighbourhood"/>
  <tag k="source" v="Bing"/>
 </way>
 <way id="187888612" visible="true" version="2" changeset="178240810" timestamp="2026-02-07T18:52:30Z" user="VMPanes" uid="1488198">
  <nd ref="364920604"/>
  <nd ref="1985259370"/>
  <nd ref="1985259369"/>
  <nd ref="1985259368"/>
  <nd ref="364920604"/>
  <tag k="addr:city" v="Santa Cruz"/>
  <tag k="addr:place" v="Villa Adelina Subdivision"/>
  <tag k="amenity" v="school"/>
  <tag k="name" v="内湖中华基督教会学校"/>
  <tag k="source" v="United Evangelical Church School"/>
 </way>
 <way id="187888613" visible="true" version="7" changeset="98058592" timestamp="2021-01-24T14:09:56Z" user="ianlopez1115" uid="44938">
  <nd ref="1353164859"/>
  <nd ref="1985259382"/>
  <nd ref="1985259378"/>
  <nd ref="1985259381"/>
  <nd ref="1362326580"/>
  <nd ref="8037405358"/>
  <nd ref="1362326571"/>
  <nd ref="1362326579"/>
  <nd ref="1353164809"/>
  <nd ref="1353164715"/>
  <nd ref="8357388690"/>
  <nd ref="1353164821"/>
  <nd ref="1353164907"/>
  <nd ref="1353164873"/>
  <nd ref="1353164859"/>
  <tag k="landuse" v="residential"/>
  <tag k="name" v="DGP Subdivision"/>
  <tag k="source" v="Bing"/>
 </way>
 <way id="215161176" visible="true" version="4" changeset="175473158" timestamp="2025-12-04T05:34:34Z" user="EW09" uid="23561769">
  <nd ref="2245773165"/>
  <nd ref="2245773167"/>
  <nd ref="2245773162"/>
  <nd ref="2245773159"/>
  <nd ref="5513931804"/>
  <nd ref="5513931802"/>
  <nd ref="2245773160"/>
  <nd ref="2245773157"/>
  <nd ref="5513931812"/>
  <nd ref="2245773158"/>
  <nd ref="2245773163"/>
  <nd ref="5513931803"/>
  <nd ref="5513931805"/>
  <nd ref="2245773165"/>
  <tag k="building" v="university"/>
  <tag k="building:levels" v="2"/>
  <tag k="name" v="COE"/>
 </way>
 <way id="215161180" visible="true" version="2" changeset="164764555" timestamp="2025-04-10T11:44:11Z" user="vasqaa" uid="20928010">
  <nd ref="2245773150"/>
  <nd ref="2245773153"/>
  <nd ref="2245773156"/>
  <nd ref="2245773155"/>
  <nd ref="2245773150"/>
  <tag k="building" v="university"/>
  <tag k="name" v="CIT"/>
 </way>
 <way id="215161185" visible="true" version="2" changeset="164764555" timestamp="2025-04-10T11:44:11Z" user="vasqaa" uid="20928010">
  <nd ref="2245773152"/>
  <nd ref="2245773147"/>
  <nd ref="2245773149"/>
  <nd ref="2245773154"/>
  <nd ref="2245773152"/>
  <tag k="building" v="university"/>
  <tag k="name" v="CIT"/>
 </way>
 <way id="215161188" visible="true" version="3" changeset="164764555" timestamp="2025-04-10T11:44:11Z" user="vasqaa" uid="20928010">
  <nd ref="2245773148"/>
  <nd ref="2245773144"/>
  <nd ref="2245773146"/>
  <nd ref="2245773151"/>
  <nd ref="2245773148"/>
  <tag k="building" v="college"/>
  <tag k="name" v="CHMT"/>
 </way>
 <way id="215161191" visible="true" version="5" changeset="175301367" timestamp="2025-11-30T07:01:03Z" user="EW09" uid="23561769">
  <nd ref="2245773125"/>
  <nd ref="12744477866"/>
  <nd ref="5513931738"/>
  <nd ref="2245773133"/>
  <nd ref="12744477874"/>
  <nd ref="11990118426"/>
  <nd ref="2245773135"/>
  <nd ref="2245773134"/>
  <nd ref="12744477865"/>
  <nd ref="5513931798"/>
  <nd ref="5513931800"/>
  <nd ref="5513931799"/>
  <nd ref="2245773138"/>
  <nd ref="13341915702"/>
  <nd ref="13341915706"/>
  <nd ref="11990118427"/>
  <nd ref="11990118416"/>
  <nd ref="2245773125"/>
 </way>
 <way id="215161196" visible="true" version="1" changeset="15589305" timestamp="2013-04-03T02:26:43Z" user="ianlopez1115" uid="44938">
  <nd ref="2245773136"/>
  <nd ref="2245773137"/>
  <nd ref="2245773130"/>
  <nd ref="2245773129"/>
  <nd ref="2245773136"/>
  <tag k="leisure" v="pitch"/>
  <tag k="sport" v="basketball"/>
 </way>
 <way id="371843855" visible="true" version="9" changeset="175869829" timestamp="2025-12-13T03:29:57Z" user="EW09" uid="23561769">
  <nd ref="5511982642"/>
  <nd ref="5513931739"/>
  <nd ref="5513931740"/>
  <nd ref="3753922634"/>
  <tag k="highway" v="service"/>
 </way>
 <way id="371843856" visible="true" version="4" changeset="175473158" timestamp="2025-12-04T05:34:34Z" user="EW09" uid="23561769">
  <nd ref="3753922635"/>
  <nd ref="13352554567"/>
  <nd ref="3753922637"/>
  <nd ref="3753922638"/>
  <tag k="highway" v="service"/>
 </way>
 <way id="574136884" visible="true" version="6" changeset="175473158" timestamp="2025-12-04T05:34:34Z" user="EW09" uid="23561769">
  <nd ref="5511958119"/>
  <nd ref="5513931735"/>
  <nd ref="13352554558"/>
  <nd ref="5511958120"/>
  <nd ref="5511958321"/>
  <nd ref="11990118418"/>
  <nd ref="5511958119"/>
  <tag k="building" v="school"/>
  <tag k="leisure" v="sports_hall"/>
  <tag k="name" v="Activity Center"/>
 </way>
 <way id="574137873" visible="true" version="3" changeset="164764555" timestamp="2025-04-10T11:44:11Z" user="vasqaa" uid="20928010">
  <nd ref="5511962779"/>
  <nd ref="5511962780"/>
  <nd ref="5511962781"/>
  <nd ref="5511962782"/>
  <nd ref="5511962779"/>
  <tag k="building" v="college"/>
  <tag k="name" v="CIT"/>
 </way>
 <way id="574137875" visible="true" version="3" changeset="164764555" timestamp="2025-04-10T11:44:11Z" user="vasqaa" uid="20928010">
  <nd ref="5511962788"/>
  <nd ref="5511962787"/>
  <nd ref="12744477879"/>
  <nd ref="5511962790"/>
  <nd ref="5511962789"/>
  <nd ref="5513931794"/>
  <nd ref="5513931789"/>
  <nd ref="5513931793"/>
  <nd ref="5513931792"/>
  <nd ref="5511962788"/>
 </way>
 <way id="574138284" visible="true" version="1" changeset="57607270" timestamp="2018-03-28T16:34:09Z" user="stormweather" uid="7812586">
  <nd ref="5511966665"/>
  <nd ref="5511966666"/>
  <nd ref="5511966667"/>
  <nd ref="5511966668"/>
  <nd ref="5511966665"/>
  <tag k="building" v="school"/>
  <tag k="name" v="University Library"/>
 </way>
 <way id="574138285" visible="true" version="3" changeset="175473158" timestamp="2025-12-04T05:34:34Z" user="EW09" uid="23561769">
  <nd ref="5511966669"/>
  <nd ref="5511966670"/>
  <nd ref="5511966671"/>
  <nd ref="5511966672"/>
  <nd ref="13352554565"/>
  <nd ref="5511966669"/>
  <tag k="building" v="chapel"/>
  <tag k="name" v="University Chapel"/>
 </way>
 <way id="574139421" visible="true" version="8" changeset="175700703" timestamp="2025-12-09T08:05:46Z" user="EW09" uid="23561769">
  <nd ref="5511972289"/>
  <nd ref="13363159360"/>
  <nd ref="5511972290"/>
  <nd ref="12744477878"/>
  <nd ref="13352554564"/>
  <nd ref="12803866562"/>
  <nd ref="5511972291"/>
  <nd ref="5511972292"/>
  <nd ref="8037370773"/>
  <nd ref="8037370774"/>
  <nd ref="8037370775"/>
  <nd ref="8037370776"/>
  <nd ref="5511972289"/>
  <tag k="amenity" v="fast_food"/>
  <tag k="building" v="school"/>
  <tag k="fast_food" v="cafeteria"/>
  <tag k="layer" v="-1"/>
  <tag k="name" v="Univeristy Cafeteria"/>
 </way>
 <way id="574139551" visible="true" version="4" changeset="146586527" timestamp="2024-01-23T10:26:16Z" user="vasqaa" uid="20928010">
  <nd ref="5511973367"/>
  <nd ref="5511973368"/>
  <nd ref="5511973369"/>
  <nd ref="5511973370"/>
  <nd ref="5511973367"/>
  <tag k="building" v="college"/>
  <tag k="name" v="Academic Building"/>
 </way>
 <way id="574139552" visible="true" version="3" changeset="164764555" timestamp="2025-04-10T11:44:11Z" user="vasqaa" uid="20928010">
  <nd ref="5511973371"/>
  <nd ref="5511973372"/>
  <nd ref="5511973373"/>
  <nd ref="5511973374"/>
  <nd ref="5511973371"/>
  <tag k="building" v="college"/>
  <tag k="name" v="CIT"/>
 </way>
 <way id="574139553" visible="true" version="4" changeset="165712863" timestamp="2025-05-02T10:36:41Z" user="vasqaa" uid="20928010">
  <nd ref="5511973375"/>
  <nd ref="5511973376"/>
  <nd ref="5511973377"/>
  <nd ref="5511973378"/>
  <nd ref="5511973375"/>
  <tag k="building" v="college"/>
  <tag k="name" v="CBAA"/>
 </way>
 <way id="574140603" visible="true" version="4" changeset="175869829" timestamp="2025-12-13T03:29:57Z" user="EW09" uid="23561769">
  <nd ref="5511982643"/>
  <nd ref="5511982642"/>
  <tag k="highway" v="service"/>
 </way>
 <way id="574140609" visible="true" version="5" changeset="175870129" timestamp="2025-12-13T03:53:22Z" user="EW09" uid="23561769">
  <nd ref="5511982646"/>
  <nd ref="5511982644"/>
  <tag k="highway" v="footway"/>
 </way>
 <way id="574140614" visible="true" version="4" changeset="175870129" timestamp="2025-12-13T03:53:22Z" user="EW09" uid="23561769">
  <nd ref="5511982643"/>
  <nd ref="5513931742"/>
  <nd ref="5511982646"/>
  <nd ref="5513931744"/>
  <nd ref="5511982648"/>
  <nd ref="5513931746"/>
  <nd ref="5513931748"/>
  <nd ref="5511982647"/>
  <tag k="highway" v="footway"/>
 </way>
 <way id="574140617" visible="true" version="5" changeset="175870129" timestamp="2025-12-13T03:53:22Z" user="EW09" uid="23561769">
  <nd ref="5511982648"/>
  <nd ref="5511952825"/>
  <tag k="highway" v="footway"/>
 </way>
 <way id="574140619" visible="true" version="7" changeset="175870129" timestamp="2025-12-13T03:53:22Z" user="EW09" uid="23561769">
  <nd ref="5511982649"/>
  <nd ref="13363159362"/>
  <nd ref="11990118426"/>
  <nd ref="11990118415"/>
  <nd ref="13373243837"/>
  <nd ref="2245773124"/>
  <nd ref="13341915707"/>
  <nd ref="11990118427"/>
  <nd ref="5513931734"/>
  <tag k="footway" v="crossing"/>
  <tag k="highway" v="footway"/>
 </way>
 <way id="574140621" visible="true" version="6" changeset="175870129" timestamp="2025-12-13T03:53:22Z" user="EW09" uid="23561769">
  <nd ref="5511982650"/>
  <nd ref="5511982651"/>
  <nd ref="5513931816"/>
  <nd ref="5513931815"/>
  <nd ref="1362326581"/>
  <nd ref="11990118414"/>
  <nd ref="1985258907"/>
  <nd ref="11990118413"/>
  <nd ref="1362326574"/>
  <nd ref="11990118412"/>
  <nd ref="5511982654"/>
  <nd ref="5513931813"/>
  <nd ref="5511982655"/>
  <nd ref="12744477862"/>
  <nd ref="12744477863"/>
  <nd ref="12744477864"/>
  <nd ref="5511982656"/>
  <nd ref="5511982657"/>
  <nd ref="5511982650"/>
  <tag k="landuse" v="grass"/>
  <tag k="leisure" v="park"/>
  <tag k="name" v="Open Field"/>
 </way>
 <way id="574446592" visible="true" version="3" changeset="175301367" timestamp="2025-11-30T07:01:03Z" user="EW09" uid="23561769">
  <nd ref="2245773128"/>
  <nd ref="13341915704"/>
  <nd ref="2245773132"/>
  <nd ref="2245773131"/>
  <nd ref="12744477868"/>
  <nd ref="12744477871"/>
  <nd ref="2245773126"/>
  <nd ref="12744477867"/>
  <nd ref="2245773128"/>
 </way>
 <way id="574446594" visible="true" version="6" changeset="175700703" timestamp="2025-12-09T08:05:46Z" user="EW09" uid="23561769">
  <nd ref="1985258910"/>
  <nd ref="12565573520"/>
  <nd ref="11990118425"/>
  <tag k="highway" v="service"/>
 </way>
 <way id="574446596" visible="true" version="2" changeset="175700703" timestamp="2025-12-09T08:05:46Z" user="EW09" uid="23561769">
  <nd ref="5513931742"/>
  <nd ref="13363159366"/>
  <nd ref="5513931741"/>
  <tag k="highway" v="footway"/>
 </way>
 <way id="574446598" visible="true" version="1" changeset="57630834" timestamp="2018-03-29T11:47:20Z" user="GreenPH" uid="2331271">
  <nd ref="5513931744"/>
  <nd ref="5513931743"/>
  <tag k="highway" v="footway"/>
 </way>
 <way id="574446599" visible="true" version="1" changeset="57630834" timestamp="2018-03-29T11:47:20Z" user="GreenPH" uid="2331271">
  <nd ref="5513931746"/>
  <nd ref="5513931745"/>
  <tag k="highway" v="footway"/>
 </way>
 <way id="574446601" visible="true" version="1" changeset="57630834" timestamp="2018-03-29T11:47:20Z" user="GreenPH" uid="2331271">
  <nd ref="5513931748"/>
  <nd ref="5513931747"/>
  <tag k="highway" v="footway"/>
 </way>
 <way id="574446603" visible="true" version="1" changeset="57630834" timestamp="2018-03-29T11:47:20Z" user="GreenPH" uid="2331271">
  <nd ref="5513931758"/>
  <nd ref="5513931755"/>
  <nd ref="5513931756"/>
  <nd ref="5513931757"/>
  <nd ref="5513931758"/>
  <tag k="building" v="yes"/>
 </way>
 <way id="574446605" visible="true" version="1" changeset="57630834" timestamp="2018-03-29T11:47:20Z" user="GreenPH" uid="2331271">
  <nd ref="5513931762"/>
  <nd ref="5513931759"/>
  <nd ref="5513931760"/>
  <nd ref="5513931761"/>
  <nd ref="5513931762"/>
  <tag k="building" v="yes"/>
 </way>
 <way id="574446606" visible="true" version="1" changeset="57630834" timestamp="2018-03-29T11:47:21Z" user="GreenPH" uid="2331271">
  <nd ref="5513931766"/>
  <nd ref="5513931763"/>
  <nd ref="5513931764"/>
  <nd ref="5513931765"/>
  <nd ref="5513931766"/>
  <tag k="building" v="yes"/>
 </way>
 <way id="574446608" visible="true" version="1" changeset="57630834" timestamp="2018-03-29T11:47:21Z" user="GreenPH" uid="2331271">
  <nd ref="5513931770"/>
  <nd ref="5513931769"/>
  <nd ref="5513931768"/>
  <nd ref="5513931767"/>
  <nd ref="5513931770"/>
  <tag k="building" v="yes"/>
 </way>
 <way id="574446610" visible="true" version="2" changeset="92903239" timestamp="2020-10-22T14:34:10Z" user="ShilaMariia" uid="10938067">
  <nd ref="5513931776"/>
  <nd ref="5513931773"/>
  <nd ref="5513931774"/>
  <nd ref="5513931775"/>
  <nd ref="5513931776"/>
  <tag k="building" v="yes"/>
 </way>
 <way id="574446612" visible="true" version="3" changeset="164764555" timestamp="2025-04-10T11:44:11Z" user="vasqaa" uid="20928010">
  <nd ref="5513931780"/>
  <nd ref="12744477861"/>
  <nd ref="5513931779"/>
  <nd ref="12744477855"/>
  <nd ref="5513931778"/>
  <nd ref="5513931777"/>
  <nd ref="5513931780"/>
  <tag k="building" v="school"/>
  <tag k="name" v="Student Services"/>
 </way>
 <way id="574446614" visible="true" version="2" changeset="180431762" timestamp="2026-03-25T23:54:22Z" user="non lolli" uid="23910178">
  <nd ref="5513931787"/>
  <nd ref="5513931786"/>
  <nd ref="5513931785"/>
  <nd ref="5513931784"/>
  <nd ref="5513931787"/>
  <tag k="building" v="yes"/>
  <tag k="name" v="COE Hardware"/>
 </way>
 <way id="574446616" visible="true" version="1" changeset="57630834" timestamp="2018-03-29T11:47:21Z" user="GreenPH" uid="2331271">
  <nd ref="5513931791"/>
  <nd ref="5513931790"/>
  <nd ref="5513931795"/>
  <nd ref="5513931788"/>
  <nd ref="5513931791"/>
 </way>
 <way id="574446618" visible="true" version="1" changeset="57630834" timestamp="2018-03-29T11:47:21Z" user="GreenPH" uid="2331271">
  <nd ref="5513931810"/>
  <nd ref="5513931809"/>
  <nd ref="5513931801"/>
  <nd ref="5513931807"/>
  <nd ref="5513931806"/>
  <nd ref="5513931808"/>
  <nd ref="5513931810"/>
  <tag k="building" v="yes"/>
 </way>
 <way id="684708847" visible="true" version="2" changeset="135433343" timestamp="2023-04-27T15:30:06Z" user="DaDapperMapper" uid="13771183">
  <nd ref="366838694"/>
  <nd ref="10846552214"/>
  <nd ref="10846552215"/>
  <nd ref="366838357"/>
  <tag k="highway" v="residential"/>
  <tag k="source" v="Bing"/>
 </way>
 <way id="862741827" visible="true" version="2" changeset="164764555" timestamp="2025-04-10T11:44:11Z" user="vasqaa" uid="20928010">
  <nd ref="8037350887"/>
  <nd ref="8037350888"/>
  <nd ref="8037350889"/>
  <nd ref="8037350890"/>
  <nd ref="8037350887"/>
  <tag k="building" v="yes"/>
  <tag k="name" v="Commission on Audit Office"/>
 </way>
 <way id="862741828" visible="true" version="3" changeset="164764555" timestamp="2025-04-10T11:44:11Z" user="vasqaa" uid="20928010">
  <nd ref="8037350893"/>
  <nd ref="8037350894"/>
  <nd ref="8037350895"/>
  <nd ref="8037350896"/>
  <nd ref="8037350893"/>
  <tag k="building" v="school"/>
  <tag k="name" v="CCJE"/>
 </way>
 <way id="862741829" visible="true" version="2" changeset="146586527" timestamp="2024-01-23T10:26:16Z" user="vasqaa" uid="20928010">
  <nd ref="8037350897"/>
  <nd ref="8037350898"/>
  <nd ref="8037350899"/>
  <nd ref="8037350900"/>
  <nd ref="8037350897"/>
  <tag k="building" v="school"/>
 </way>
 <way id="862745827" visible="true" version="1" changeset="92903239" timestamp="2020-10-22T14:34:10Z" user="ShilaMariia" uid="10938067">
  <nd ref="8037370777"/>
  <nd ref="8037370778"/>
  <nd ref="8037370779"/>
  <nd ref="8037370780"/>
  <nd ref="8037370777"/>
  <tag k="building" v="yes"/>
 </way>
 <way id="862745828" visible="true" version="3" changeset="164764555" timestamp="2025-04-10T11:44:11Z" user="vasqaa" uid="20928010">
  <nd ref="8037370777"/>
  <nd ref="8037370778"/>
  <nd ref="8037370783"/>
  <nd ref="8037370784"/>
  <nd ref="8037370777"/>
  <tag k="building" v="school"/>
  <tag k="name" v="LSPU Hotel"/>
 </way>
 <way id="862745829" visible="true" version="3" changeset="164764555" timestamp="2025-04-10T11:44:11Z" user="vasqaa" uid="20928010">
  <nd ref="8037387585"/>
  <nd ref="8037387586"/>
  <nd ref="8037387589"/>
  <nd ref="8037387590"/>
  <nd ref="8037387585"/>
  <tag k="building" v="school"/>
  <tag k="name" v="LSPU Supply Office"/>
 </way>
 <way id="862745830" visible="true" version="2" changeset="164764555" timestamp="2025-04-10T11:44:11Z" user="vasqaa" uid="20928010">
  <nd ref="8037387591"/>
  <nd ref="8037387592"/>
  <nd ref="8037387593"/>
  <nd ref="8037387594"/>
  <nd ref="8037387591"/>
  <tag k="building" v="yes"/>
  <tag k="name" v="COE"/>
 </way>
 <way id="862750426" visible="true" version="1" changeset="92903971" timestamp="2020-10-22T14:48:52Z" user="ShilaMariia" uid="10938067">
  <nd ref="8037405359"/>
  <nd ref="8037405360"/>
  <nd ref="8037405361"/>
  <nd ref="8037405362"/>
  <nd ref="8037405359"/>
  <tag k="building" v="yes"/>
 </way>
 <way id="862750434" visible="true" version="1" changeset="92903971" timestamp="2020-10-22T14:48:52Z" user="ShilaMariia" uid="10938067">
  <nd ref="8037418692"/>
  <nd ref="8037418693"/>
  <nd ref="8037418694"/>
  <nd ref="8037418695"/>
  <nd ref="8037418696"/>
  <nd ref="8037418697"/>
  <nd ref="8037418692"/>
  <tag k="building" v="yes"/>
 </way>
 <way id="862750435" visible="true" version="1" changeset="92903971" timestamp="2020-10-22T14:48:52Z" user="ShilaMariia" uid="10938067">
  <nd ref="8037418698"/>
  <nd ref="8037418699"/>
  <nd ref="8037418700"/>
  <nd ref="8037418701"/>
  <nd ref="8037418698"/>
  <tag k="building" v="yes"/>
 </way>
 <way id="862750436" visible="true" version="1" changeset="92903971" timestamp="2020-10-22T14:48:52Z" user="ShilaMariia" uid="10938067">
  <nd ref="8037418702"/>
  <nd ref="8037418703"/>
  <nd ref="8037418704"/>
  <nd ref="8037418705"/>
  <nd ref="8037418706"/>
  <nd ref="8037418707"/>
  <nd ref="8037418702"/>
  <tag k="building" v="yes"/>
 </way>
 <way id="862750437" visible="true" version="1" changeset="92903971" timestamp="2020-10-22T14:48:52Z" user="ShilaMariia" uid="10938067">
  <nd ref="8037418708"/>
  <nd ref="8037418709"/>
  <nd ref="8037418710"/>
  <nd ref="8037418711"/>
  <nd ref="8037418708"/>
  <tag k="building" v="yes"/>
 </way>
 <way id="862750438" visible="true" version="1" changeset="92903971" timestamp="2020-10-22T14:48:52Z" user="ShilaMariia" uid="10938067">
  <nd ref="8037418712"/>
  <nd ref="8037418713"/>
  <nd ref="8037418714"/>
  <nd ref="8037418715"/>
  <nd ref="8037418712"/>
  <tag k="building" v="yes"/>
 </way>
 <way id="862750439" visible="true" version="1" changeset="92903971" timestamp="2020-10-22T14:48:52Z" user="ShilaMariia" uid="10938067">
  <nd ref="8037418716"/>
  <nd ref="8037418717"/>
  <nd ref="8037418718"/>
  <nd ref="8037418719"/>
  <nd ref="8037418716"/>
  <tag k="building" v="yes"/>
 </way>
 <way id="862750440" visible="true" version="1" changeset="92903971" timestamp="2020-10-22T14:48:52Z" user="ShilaMariia" uid="10938067">
  <nd ref="8037418720"/>
  <nd ref="8037418721"/>
  <nd ref="8037418722"/>
  <nd ref="8037418723"/>
  <nd ref="8037418724"/>
  <nd ref="8037418725"/>
  <nd ref="8037418720"/>
  <tag k="building" v="yes"/>
 </way>
 <way id="862750441" visible="true" version="1" changeset="92903971" timestamp="2020-10-22T14:48:52Z" user="ShilaMariia" uid="10938067">
  <nd ref="8037418726"/>
  <nd ref="8037418727"/>
  <nd ref="8037418728"/>
  <nd ref="8037418729"/>
  <nd ref="8037418726"/>
  <tag k="building" v="yes"/>
 </way>
 <way id="862750442" visible="true" version="1" changeset="92903971" timestamp="2020-10-22T14:48:52Z" user="ShilaMariia" uid="10938067">
  <nd ref="8037418730"/>
  <nd ref="8037418731"/>
  <nd ref="8037418732"/>
  <nd ref="8037418733"/>
  <nd ref="8037418730"/>
  <tag k="building" v="yes"/>
 </way>
 <way id="862750443" visible="true" version="1" changeset="92903971" timestamp="2020-10-22T14:48:52Z" user="ShilaMariia" uid="10938067">
  <nd ref="8037418734"/>
  <nd ref="8037418735"/>
  <nd ref="8037418736"/>
  <nd ref="8037418737"/>
  <nd ref="8037418734"/>
  <tag k="building" v="yes"/>
 </way>
 <way id="862750445" visible="true" version="1" changeset="92903971" timestamp="2020-10-22T14:48:52Z" user="ShilaMariia" uid="10938067">
  <nd ref="8037418742"/>
  <nd ref="8037418743"/>
  <nd ref="8037418744"/>
  <nd ref="8037418745"/>
  <nd ref="8037418742"/>
  <tag k="building" v="yes"/>
 </way>
 <way id="862750446" visible="true" version="1" changeset="92903971" timestamp="2020-10-22T14:48:52Z" user="ShilaMariia" uid="10938067">
  <nd ref="8037418746"/>
  <nd ref="8037418747"/>
  <nd ref="8037418748"/>
  <nd ref="8037418749"/>
  <nd ref="8037418746"/>
  <tag k="building" v="yes"/>
 </way>
 <way id="862750447" visible="true" version="1" changeset="92903971" timestamp="2020-10-22T14:48:52Z" user="ShilaMariia" uid="10938067">
  <nd ref="8037418750"/>
  <nd ref="8037418751"/>
  <nd ref="8037418752"/>
  <nd ref="8037418753"/>
  <nd ref="8037418750"/>
  <tag k="building" v="yes"/>
 </way>
 <way id="862752245" visible="true" version="1" changeset="92904331" timestamp="2020-10-22T14:56:13Z" user="ShilaMariia" uid="10938067">
  <nd ref="8037417983"/>
  <nd ref="8037417984"/>
  <nd ref="8037431685"/>
  <nd ref="8037431686"/>
  <nd ref="8037417983"/>
  <tag k="building" v="yes"/>
 </way>
 <way id="862752246" visible="true" version="1" changeset="92904331" timestamp="2020-10-22T14:56:13Z" user="ShilaMariia" uid="10938067">
  <nd ref="8037431687"/>
  <nd ref="8037431688"/>
  <nd ref="8037431689"/>
  <nd ref="8037431690"/>
  <nd ref="8037431687"/>
  <tag k="building" v="yes"/>
 </way>
 <way id="862752247" visible="true" version="1" changeset="92904331" timestamp="2020-10-22T14:56:13Z" user="ShilaMariia" uid="10938067">
  <nd ref="8037431691"/>
  <nd ref="8037431692"/>
  <nd ref="8037431693"/>
  <nd ref="8037431694"/>
  <nd ref="8037431691"/>
  <tag k="building" v="yes"/>
 </way>
 <way id="862983753" visible="true" version="1" changeset="92944696" timestamp="2020-10-23T10:45:11Z" user="ShilaMariia" uid="10938067">
  <nd ref="8039457135"/>
  <nd ref="8039457136"/>
  <nd ref="8039457137"/>
  <nd ref="8039457138"/>
  <nd ref="8039457135"/>
  <tag k="building" v="yes"/>
 </way>
 <way id="862983754" visible="true" version="1" changeset="92944696" timestamp="2020-10-23T10:45:11Z" user="ShilaMariia" uid="10938067">
  <nd ref="8039457139"/>
  <nd ref="8039457140"/>
  <nd ref="8039457141"/>
  <nd ref="8039457142"/>
  <nd ref="8039457139"/>
  <tag k="building" v="yes"/>
 </way>
 <way id="862983755" visible="true" version="1" changeset="92944696" timestamp="2020-10-23T10:45:11Z" user="ShilaMariia" uid="10938067">
  <nd ref="8039457143"/>
  <nd ref="8039457144"/>
  <nd ref="8039457145"/>
  <nd ref="8039457146"/>
  <nd ref="8039457143"/>
  <tag k="building" v="yes"/>
 </way>
 <way id="862983756" visible="true" version="1" changeset="92944696" timestamp="2020-10-23T10:45:11Z" user="ShilaMariia" uid="10938067">
  <nd ref="8039457147"/>
  <nd ref="8039457148"/>
  <nd ref="8039457149"/>
  <nd ref="8039457150"/>
  <nd ref="8039457151"/>
  <nd ref="8039457147"/>
  <tag k="building" v="yes"/>
 </way>
 <way id="862983757" visible="true" version="1" changeset="92944696" timestamp="2020-10-23T10:45:11Z" user="ShilaMariia" uid="10938067">
  <nd ref="8039457152"/>
  <nd ref="8039457153"/>
  <nd ref="8039457154"/>
  <nd ref="8039457155"/>
  <nd ref="8039457152"/>
  <tag k="building" v="yes"/>
 </way>
 <way id="862983758" visible="true" version="1" changeset="92944696" timestamp="2020-10-23T10:45:11Z" user="ShilaMariia" uid="10938067">
  <nd ref="8039457156"/>
  <nd ref="8039457157"/>
  <nd ref="8039457158"/>
  <nd ref="8039457159"/>
  <nd ref="8039457156"/>
  <tag k="building" v="yes"/>
 </way>
 <way id="862983759" visible="true" version="1" changeset="92944696" timestamp="2020-10-23T10:45:11Z" user="ShilaMariia" uid="10938067">
  <nd ref="8039457160"/>
  <nd ref="8039457161"/>
  <nd ref="8039457162"/>
  <nd ref="8039457163"/>
  <nd ref="8039457160"/>
  <tag k="building" v="yes"/>
 </way>
 <way id="862983760" visible="true" version="1" changeset="92944696" timestamp="2020-10-23T10:45:11Z" user="ShilaMariia" uid="10938067">
  <nd ref="8039457164"/>
  <nd ref="8039457165"/>
  <nd ref="8039457166"/>
  <nd ref="8039457167"/>
  <nd ref="8039457164"/>
  <tag k="building" v="yes"/>
 </way>
 <way id="862983766" visible="true" version="1" changeset="92944696" timestamp="2020-10-23T10:45:11Z" user="ShilaMariia" uid="10938067">
  <nd ref="8039470491"/>
  <nd ref="8039470492"/>
  <nd ref="8039470493"/>
  <nd ref="8039470494"/>
  <nd ref="8039470491"/>
  <tag k="building" v="yes"/>
 </way>
 <way id="862983767" visible="true" version="1" changeset="92944696" timestamp="2020-10-23T10:45:11Z" user="ShilaMariia" uid="10938067">
  <nd ref="8039470495"/>
  <nd ref="8039470496"/>
  <nd ref="8039470497"/>
  <nd ref="8039470498"/>
  <nd ref="8039470495"/>
  <tag k="building" v="yes"/>
 </way>
 <way id="899471112" visible="true" version="4" changeset="162246050" timestamp="2025-02-07T13:40:24Z" user="vasqaa" uid="20928010">
  <nd ref="7104102551"/>
  <nd ref="8357376816"/>
  <nd ref="8357388617"/>
  <nd ref="8357388618"/>
  <nd ref="8357388619"/>
  <nd ref="8357388620"/>
  <nd ref="8357388621"/>
  <nd ref="8357388622"/>
  <nd ref="8357388623"/>
  <nd ref="8357388624"/>
  <nd ref="8357388625"/>
  <nd ref="8357388626"/>
  <nd ref="8357388627"/>
  <nd ref="8357388628"/>
  <nd ref="8357388629"/>
  <nd ref="8357388630"/>
  <nd ref="8357388631"/>
  <nd ref="8357388632"/>
  <nd ref="8357388633"/>
  <nd ref="8357388634"/>
  <nd ref="8357388635"/>
  <nd ref="8357388636"/>
  <nd ref="8357388637"/>
  <nd ref="1353164810"/>
  <nd ref="1353164716"/>
  <nd ref="2245773120"/>
  <nd ref="2245773123"/>
  <nd ref="11634372595"/>
  <nd ref="1353164846"/>
  <nd ref="1353164891"/>
  <nd ref="1353164905"/>
  <nd ref="1353164809"/>
  <nd ref="1362326579"/>
  <nd ref="1362326571"/>
  <nd ref="8037405358"/>
  <nd ref="1362326580"/>
  <nd ref="1985259381"/>
  <nd ref="1985259380"/>
  <nd ref="1985259383"/>
  <nd ref="1370717011"/>
  <nd ref="1340740967"/>
  <nd ref="2245773185"/>
  <nd ref="1368558113"/>
  <nd ref="1368557899"/>
  <nd ref="1368558057"/>
  <nd ref="1368557897"/>
  <nd ref="366839671"/>
  <nd ref="1368557988"/>
  <nd ref="1368557913"/>
  <nd ref="1368558040"/>
  <nd ref="1368557975"/>
  <nd ref="3753922677"/>
  <nd ref="3753922664"/>
  <nd ref="3753922668"/>
  <nd ref="8208734283"/>
  <tag k="admin_level" v="10"/>
  <tag k="boundary" v="administrative"/>
 </way>
 <way id="899471113" visible="true" version="1" changeset="98058592" timestamp="2021-01-24T14:09:56Z" user="ianlopez1115" uid="44938">
  <nd ref="8357388673"/>
  <nd ref="8357388670"/>
  <nd ref="8357388671"/>
  <nd ref="8357388672"/>
  <nd ref="8357388673"/>
  <tag k="building" v="yes"/>
 </way>
 <way id="899471114" visible="true" version="1" changeset="98058592" timestamp="2021-01-24T14:09:56Z" user="ianlopez1115" uid="44938">
  <nd ref="8357388677"/>
  <nd ref="8357388688"/>
  <nd ref="1353164907"/>
  <nd ref="1353164821"/>
  <nd ref="8357388690"/>
  <nd ref="8357388689"/>
  <nd ref="8357388687"/>
  <nd ref="8357388678"/>
  <nd ref="1353164874"/>
  <nd ref="1353164922"/>
  <nd ref="8357388677"/>
  <tag k="landuse" v="residential"/>
 </way>
 <way id="908286917" visible="true" version="1" changeset="99495084" timestamp="2021-02-18T06:11:37Z" user="ShilaMariia" uid="10938067">
  <nd ref="8433852102"/>
  <nd ref="8433852109"/>
  <nd ref="8433852108"/>
  <nd ref="8433852107"/>
  <nd ref="8433852103"/>
  <nd ref="8433852104"/>
  <nd ref="8433852105"/>
  <nd ref="8433852106"/>
  <nd ref="8433852102"/>
  <tag k="building" v="yes"/>
 </way>
 <way id="908286918" visible="true" version="1" changeset="99495084" timestamp="2021-02-18T06:11:37Z" user="ShilaMariia" uid="10938067">
  <nd ref="8433852113"/>
  <nd ref="8433852112"/>
  <nd ref="8433852111"/>
  <nd ref="8433852110"/>
  <nd ref="8433852113"/>
  <tag k="building" v="yes"/>
 </way>
 <way id="908286919" visible="true" version="1" changeset="99495084" timestamp="2021-02-18T06:11:37Z" user="ShilaMariia" uid="10938067">
  <nd ref="8433854617"/>
  <nd ref="8433852116"/>
  <nd ref="8433852115"/>
  <nd ref="8433852114"/>
  <nd ref="8433854617"/>
  <tag k="building" v="yes"/>
 </way>
 <way id="908286920" visible="true" version="1" changeset="99495084" timestamp="2021-02-18T06:11:37Z" user="ShilaMariia" uid="10938067">
  <nd ref="8433854621"/>
  <nd ref="8433854620"/>
  <nd ref="8433854619"/>
  <nd ref="8433854618"/>
  <nd ref="8433854621"/>
  <tag k="building" v="yes"/>
 </way>
 <way id="908286921" visible="true" version="1" changeset="99495084" timestamp="2021-02-18T06:11:37Z" user="ShilaMariia" uid="10938067">
  <nd ref="8433854625"/>
  <nd ref="8433854624"/>
  <nd ref="8433854623"/>
  <nd ref="8433854622"/>
  <nd ref="8433854625"/>
  <tag k="building" v="yes"/>
 </way>
 <way id="908286923" visible="true" version="1" changeset="99495084" timestamp="2021-02-18T06:11:37Z" user="ShilaMariia" uid="10938067">
  <nd ref="8433854636"/>
  <nd ref="8433854635"/>
  <nd ref="8433854630"/>
  <nd ref="8433854631"/>
  <nd ref="8433854632"/>
  <nd ref="8433854633"/>
  <nd ref="8433854634"/>
  <nd ref="8433854636"/>
  <tag k="building" v="yes"/>
 </way>
 <way id="908286925" visible="true" version="1" changeset="99495084" timestamp="2021-02-18T06:11:37Z" user="ShilaMariia" uid="10938067">
  <nd ref="8433854644"/>
  <nd ref="8433854646"/>
  <nd ref="8433854647"/>
  <nd ref="8433854648"/>
  <nd ref="8433854645"/>
  <nd ref="8433854641"/>
  <nd ref="8433854642"/>
  <nd ref="8433854643"/>
  <nd ref="8433854644"/>
  <tag k="building" v="yes"/>
 </way>
 <way id="908292875" visible="true" version="1" changeset="99497449" timestamp="2021-02-18T06:42:26Z" user="ShilaMariia" uid="10938067">
  <nd ref="8433929095"/>
  <nd ref="8433929094"/>
  <nd ref="8433929093"/>
  <nd ref="8433929092"/>
  <nd ref="8433929095"/>
  <tag k="building" v="yes"/>
 </way>
 <way id="908292876" visible="true" version="1" changeset="99497449" timestamp="2021-02-18T06:42:26Z" user="ShilaMariia" uid="10938067">
  <nd ref="8433929099"/>
  <nd ref="8433929098"/>
  <nd ref="8433929097"/>
  <nd ref="8433929096"/>
  <nd ref="8433929099"/>
  <tag k="building" v="yes"/>
 </way>
 <way id="908292877" visible="true" version="1" changeset="99497449" timestamp="2021-02-18T06:42:26Z" user="ShilaMariia" uid="10938067">
  <nd ref="8433929103"/>
  <nd ref="8433929100"/>
  <nd ref="8433929101"/>
  <nd ref="8433929102"/>
  <nd ref="8433929103"/>
  <tag k="building" v="yes"/>
 </way>
 <way id="1132390650" visible="true" version="1" changeset="131325134" timestamp="2023-01-16T07:27:01Z" user="jmcalaramo" uid="18290701">
  <nd ref="10558861407"/>
  <nd ref="10558861408"/>
  <nd ref="10558916209"/>
  <nd ref="10558916211"/>
  <nd ref="10558916210"/>
  <tag k="highway" v="residential"/>
 </way>
 <way id="1132390652" visible="true" version="1" changeset="131325134" timestamp="2023-01-16T07:27:01Z" user="jmcalaramo" uid="18290701">
  <nd ref="10558916214"/>
  <nd ref="10558916215"/>
  <nd ref="10558916216"/>
  <nd ref="10558916217"/>
  <nd ref="10558916218"/>
  <nd ref="10558916219"/>
  <nd ref="10558916220"/>
  <nd ref="10558916221"/>
  <nd ref="10558916222"/>
  <nd ref="1985258905"/>
  <nd ref="10558916223"/>
  <nd ref="10558916224"/>
  <nd ref="10558861407"/>
  <nd ref="10558916229"/>
  <nd ref="10558916214"/>
  <tag k="landuse" v="residential"/>
 </way>
 <way id="1166166399" visible="true" version="1" changeset="135433343" timestamp="2023-04-27T15:30:06Z" user="DaDapperMapper" uid="13771183">
  <nd ref="8273441103"/>
  <nd ref="8273441099"/>
  <tag k="highway" v="residential"/>
 </way>
 <way id="1182416874" visible="true" version="1" changeset="137402743" timestamp="2023-06-16T08:07:04Z" user="DammeCanal" uid="18729778">
  <nd ref="1495160859"/>
  <nd ref="8273451428"/>
  <nd ref="253769098"/>
  <tag k="highway" v="residential"/>
  <tag k="name" v="Diamond"/>
 </way>
 <way id="1242171862" visible="true" version="3" changeset="164764555" timestamp="2025-04-10T11:44:11Z" user="vasqaa" uid="20928010">
  <nd ref="11542613958"/>
  <nd ref="11542613959"/>
  <nd ref="11542613960"/>
  <nd ref="11542613961"/>
  <nd ref="11542613958"/>
  <tag k="building" v="grandstand"/>
  <tag k="name" v="University Grandstand"/>
 </way>
 <way id="1242171863" visible="true" version="2" changeset="146629990" timestamp="2024-01-24T13:29:08Z" user="vasqaa" uid="20928010">
  <nd ref="11542613962"/>
  <nd ref="11542613963"/>
  <nd ref="11542613964"/>
  <nd ref="11542613965"/>
  <nd ref="11542613962"/>
  <tag k="building" v="school"/>
  <tag k="name" v="Supreme Student Government"/>
 </way>
 <way id="1242171864" visible="true" version="2" changeset="164764555" timestamp="2025-04-10T11:44:11Z" user="vasqaa" uid="20928010">
  <nd ref="11542613966"/>
  <nd ref="11542613967"/>
  <nd ref="11542614173"/>
  <nd ref="11542614172"/>
  <nd ref="11542613968"/>
  <nd ref="11542614169"/>
  <nd ref="11542613966"/>
  <tag k="building" v="college"/>
  <tag k="name" v="CONAH"/>
 </way>
 <way id="1242171865" visible="true" version="1" changeset="146586527" timestamp="2024-01-23T10:26:16Z" user="vasqaa" uid="20928010">
  <nd ref="11542614170"/>
  <nd ref="11542614171"/>
  <nd ref="11542614172"/>
  <nd ref="11542614173"/>
  <nd ref="11542614170"/>
  <tag k="amenity" v="clinic"/>
  <tag k="building" v="yes"/>
  <tag k="healthcare" v="clinic"/>
  <tag k="name" v="University Clinic"/>
 </way>
 <way id="1242171866" visible="true" version="1" changeset="146586527" timestamp="2024-01-23T10:26:16Z" user="vasqaa" uid="20928010">
  <nd ref="5513931800"/>
  <nd ref="5513931798"/>
  <nd ref="2245773138"/>
  <nd ref="5513931799"/>
  <nd ref="5513931800"/>
  <tag k="building" v="yes"/>
  <tag k="name" v="Business Affairs Office"/>
  <tag k="shop" v="books"/>
 </way>
 <way id="1247248543" visible="true" version="3" changeset="175473158" timestamp="2025-12-04T05:34:34Z" user="EW09" uid="23561769">
  <nd ref="11594807347"/>
  <nd ref="13352554562"/>
  <nd ref="11594807348"/>
  <nd ref="11594807349"/>
  <nd ref="11594807350"/>
  <nd ref="11594807347"/>
  <tag k="building" v="school"/>
  <tag k="name" v="Old Basic Education Building"/>
 </way>
 <way id="1247248544" visible="true" version="2" changeset="175473158" timestamp="2025-12-04T05:34:34Z" user="EW09" uid="23561769">
  <nd ref="11594807351"/>
  <nd ref="13352554560"/>
  <nd ref="11594807352"/>
  <nd ref="11594807353"/>
  <nd ref="11594807354"/>
  <nd ref="11594807351"/>
  <tag k="building" v="yes"/>
  <tag k="name" v="The GEARS Publishing"/>
  <tag k="office" v="newspaper"/>
 </way>
 <way id="1250792201" visible="true" version="8" changeset="162246050" timestamp="2025-02-07T13:40:24Z" user="vasqaa" uid="20928010">
  <nd ref="11622647206"/>
  <nd ref="1368558040"/>
  <nd ref="1368557913"/>
  <nd ref="1368557988"/>
  <nd ref="366839671"/>
  <nd ref="1368557897"/>
  <nd ref="1368558057"/>
  <nd ref="1340740967"/>
  <nd ref="1370717011"/>
  <nd ref="1985259383"/>
  <nd ref="1985259380"/>
  <nd ref="1985259381"/>
  <nd ref="1362326580"/>
  <nd ref="8037405358"/>
  <nd ref="1362326571"/>
  <nd ref="1362326579"/>
  <nd ref="1353164809"/>
  <nd ref="1353164905"/>
  <nd ref="1353164891"/>
  <nd ref="11947838109"/>
  <nd ref="11626870726"/>
  <nd ref="11626870727"/>
  <nd ref="11626870728"/>
  <nd ref="11626870729"/>
  <nd ref="11626870730"/>
  <nd ref="11626870731"/>
  <nd ref="11626870732"/>
  <nd ref="11626870733"/>
  <nd ref="11626870734"/>
  <nd ref="11626870735"/>
  <nd ref="8273451431"/>
  <nd ref="8995090124"/>
  <nd ref="8995090121"/>
  <nd ref="1562140518"/>
  <nd ref="8273451438"/>
  <nd ref="1562140521"/>
  <nd ref="1562140519"/>
  <nd ref="492137642"/>
  <nd ref="279423506"/>
  <nd ref="492137423"/>
  <nd ref="8893795595"/>
  <nd ref="253789264"/>
  <nd ref="8269728957"/>
  <nd ref="2468615501"/>
  <nd ref="12565553747"/>
  <nd ref="1449276979"/>
  <nd ref="8273264757"/>
  <nd ref="353525536"/>
  <nd ref="1345502577"/>
  <nd ref="8273264759"/>
  <nd ref="12565553748"/>
  <nd ref="1329110802"/>
  <nd ref="9584394793"/>
  <nd ref="12565553749"/>
  <nd ref="253790158"/>
  <nd ref="12565553750"/>
  <nd ref="2468615406"/>
  <nd ref="8893795594"/>
  <nd ref="1300395497"/>
  <nd ref="8256719309"/>
  <nd ref="8273264762"/>
  <nd ref="371266588"/>
  <nd ref="10749599624"/>
  <nd ref="1329110832"/>
  <nd ref="253792713"/>
  <nd ref="12565553751"/>
  <nd ref="1327096754"/>
  <nd ref="12565553753"/>
  <nd ref="253784903"/>
  <nd ref="1329110146"/>
  <nd ref="253797077"/>
  <nd ref="12565553756"/>
  <nd ref="1329111919"/>
  <nd ref="1129347419"/>
  <nd ref="1300395595"/>
  <nd ref="8896934943"/>
  <nd ref="8227348916"/>
  <nd ref="253794084"/>
  <nd ref="8896933625"/>
  <nd ref="8896933631"/>
  <nd ref="8896933630"/>
  <nd ref="1474747357"/>
  <nd ref="8896933642"/>
  <nd ref="8896934937"/>
  <nd ref="8896974321"/>
  <nd ref="8896906654"/>
  <nd ref="1329112092"/>
  <nd ref="1329111917"/>
  <nd ref="8226992993"/>
  <nd ref="8226992989"/>
  <nd ref="9963214066"/>
  <nd ref="253765718"/>
  <nd ref="8896933644"/>
  <nd ref="294048160"/>
  <nd ref="1345502586"/>
  <nd ref="8896933645"/>
  <nd ref="294047979"/>
  <nd ref="9992607931"/>
  <nd ref="8896933648"/>
  <nd ref="9992607927"/>
  <nd ref="9992607930"/>
  <nd ref="294048028"/>
  <nd ref="11626645763"/>
  <nd ref="11626645762"/>
  <nd ref="11924435975"/>
  <nd ref="11626645761"/>
  <nd ref="1327096751"/>
  <nd ref="1327096760"/>
  <nd ref="8896974360"/>
  <nd ref="1327096753"/>
  <nd ref="11626645760"/>
  <nd ref="11626645759"/>
  <nd ref="11626645758"/>
  <nd ref="11626645757"/>
  <nd ref="11626645756"/>
  <nd ref="11626645755"/>
  <nd ref="11626645754"/>
  <nd ref="11626645753"/>
  <nd ref="11546133611"/>
  <nd ref="11546133612"/>
  <nd ref="11546133613"/>
  <nd ref="11546133614"/>
  <nd ref="11546133615"/>
  <nd ref="11546133617"/>
  <nd ref="11626870736"/>
  <nd ref="11546133618"/>
  <nd ref="11546133619"/>
  <nd ref="11546133620"/>
  <nd ref="11546133621"/>
  <nd ref="11546133623"/>
  <nd ref="11546133625"/>
  <nd ref="11546133627"/>
  <nd ref="11546133629"/>
  <nd ref="11546133631"/>
  <nd ref="11546133632"/>
  <nd ref="11546133634"/>
  <nd ref="11546133636"/>
  <nd ref="11546133640"/>
  <nd ref="11546133643"/>
  <nd ref="11546133644"/>
  <nd ref="11546133645"/>
  <nd ref="11546133646"/>
  <nd ref="11546133647"/>
  <nd ref="11546133648"/>
  <nd ref="11546133649"/>
  <nd ref="11546133650"/>
  <nd ref="11546133651"/>
  <nd ref="11546133652"/>
  <nd ref="11546133653"/>
  <nd ref="11546133654"/>
  <nd ref="11546133655"/>
  <nd ref="11546133656"/>
  <nd ref="11546133657"/>
  <nd ref="11546133658"/>
  <nd ref="11546133659"/>
  <nd ref="11546133660"/>
  <nd ref="11546133661"/>
  <nd ref="11546133662"/>
  <nd ref="11546133663"/>
  <nd ref="11546133664"/>
  <nd ref="11546133665"/>
  <nd ref="11546133666"/>
  <nd ref="11546133667"/>
  <nd ref="11546133668"/>
  <nd ref="11546133669"/>
  <nd ref="11546133670"/>
  <nd ref="11546133671"/>
  <nd ref="11546133673"/>
  <nd ref="11546133674"/>
  <nd ref="11546133675"/>
  <nd ref="11546133676"/>
  <nd ref="11546133677"/>
  <nd ref="11546133678"/>
  <nd ref="11546133679"/>
  <nd ref="11546133680"/>
  <nd ref="11546133681"/>
  <nd ref="11546133682"/>
  <nd ref="11546133683"/>
  <nd ref="11546133684"/>
  <nd ref="11546133685"/>
  <nd ref="11546133686"/>
  <nd ref="11546133687"/>
  <nd ref="11546133688"/>
  <nd ref="11546133690"/>
  <nd ref="11546133691"/>
  <nd ref="11546133692"/>
  <nd ref="11546133693"/>
  <nd ref="11546133695"/>
  <nd ref="11546133696"/>
  <nd ref="11546133697"/>
  <nd ref="11546133698"/>
  <nd ref="11546133700"/>
  <nd ref="11546133701"/>
  <nd ref="11546133702"/>
  <nd ref="11546133703"/>
  <nd ref="11546133704"/>
  <nd ref="11546133705"/>
  <nd ref="11546133706"/>
  <nd ref="11546133707"/>
  <nd ref="11546133708"/>
  <nd ref="11546133709"/>
  <nd ref="11546133710"/>
  <nd ref="11546133711"/>
  <nd ref="11546133712"/>
  <nd ref="11546133713"/>
  <nd ref="11546133714"/>
  <nd ref="11546133715"/>
  <nd ref="11546133716"/>
  <nd ref="11546133717"/>
  <nd ref="11546133718"/>
  <nd ref="11546133721"/>
  <nd ref="11546133722"/>
  <nd ref="11546133723"/>
  <nd ref="11546133724"/>
  <nd ref="11546133725"/>
  <nd ref="11546133726"/>
  <nd ref="11546133727"/>
  <nd ref="11546133728"/>
  <nd ref="11546133729"/>
  <nd ref="11546133730"/>
  <nd ref="11546133731"/>
  <nd ref="11546133732"/>
  <nd ref="11546133733"/>
  <nd ref="11546133734"/>
  <nd ref="11546133735"/>
  <nd ref="11546133736"/>
  <nd ref="11546133737"/>
  <nd ref="11546133738"/>
  <nd ref="11546133739"/>
  <nd ref="11622647214"/>
  <nd ref="11622647213"/>
  <nd ref="11622647212"/>
  <nd ref="11622647211"/>
  <nd ref="11622647210"/>
  <nd ref="11622647209"/>
  <nd ref="11622647208"/>
  <nd ref="11622647207"/>
  <nd ref="11622647206"/>
  <tag k="admin_level" v="10"/>
  <tag k="boundary" v="administrative"/>
 </way>
 <way id="1279348431" visible="true" version="1" changeset="150838118" timestamp="2024-05-03T13:31:58Z" user="vasqaa" uid="20928010">
  <nd ref="11876566294"/>
  <nd ref="11876566295"/>
  <nd ref="11876566296"/>
  <nd ref="11876566297"/>
  <nd ref="11876566298"/>
  <nd ref="11876566299"/>
  <nd ref="11876566300"/>
  <nd ref="11876566294"/>
  <tag k="natural" v="scrub"/>
 </way>
 <way id="1288366155" visible="true" version="2" changeset="152848621" timestamp="2024-06-18T13:17:30Z" user="vasqaa" uid="20928010">
  <nd ref="11947838106"/>
  <nd ref="11947838107"/>
  <nd ref="11947838108"/>
  <nd ref="11947838109"/>
  <nd ref="11626870726"/>
  <nd ref="11947838102"/>
  <nd ref="11947838101"/>
  <nd ref="11947838100"/>
  <nd ref="11947838099"/>
  <nd ref="11947838098"/>
  <nd ref="11947838097"/>
  <nd ref="11947838110"/>
  <nd ref="11947838111"/>
  <nd ref="1353164923"/>
  <nd ref="1353164724"/>
  <nd ref="1362326572"/>
  <nd ref="11947838106"/>
  <tag k="natural" v="wood"/>
 </way>
 <way id="1288366160" visible="true" version="1" changeset="152080569" timestamp="2024-05-31T13:07:26Z" user="vasqaa" uid="20928010">
  <nd ref="11947838161"/>
  <nd ref="11947838162"/>
  <nd ref="11947838163"/>
  <nd ref="11947838164"/>
  <nd ref="11947838165"/>
  <nd ref="11947838166"/>
  <nd ref="11947838167"/>
  <nd ref="1985259374"/>
  <nd ref="1985259373"/>
  <nd ref="1985259376"/>
  <nd ref="11947838168"/>
  <nd ref="11947838169"/>
  <nd ref="11947838170"/>
  <nd ref="11947838171"/>
  <nd ref="11947838161"/>
  <tag k="natural" v="wood"/>
 </way>
 <way id="1293422879" visible="true" version="2" changeset="164764555" timestamp="2025-04-10T11:44:11Z" user="vasqaa" uid="20928010">
  <nd ref="11990118417"/>
  <nd ref="11990118418"/>
  <nd ref="5511958321"/>
  <nd ref="11990118419"/>
  <nd ref="11990118420"/>
  <nd ref="11990118421"/>
  <nd ref="11990118417"/>
  <tag k="building" v="yes"/>
  <tag k="name" v="Human Kinetics Center"/>
 </way>
 <way id="1357789238" visible="true" version="1" changeset="162246050" timestamp="2025-02-07T13:40:24Z" user="vasqaa" uid="20928010">
  <nd ref="12565573512"/>
  <nd ref="12565573513"/>
  <nd ref="12565573514"/>
  <nd ref="12565573515"/>
  <nd ref="12565573512"/>
  <tag k="building" v="yes"/>
 </way>
 <way id="1357789240" visible="true" version="3" changeset="175700703" timestamp="2025-12-09T08:05:46Z" user="EW09" uid="23561769">
  <nd ref="3753922633"/>
  <nd ref="13363159361"/>
  <nd ref="5511982643"/>
  <tag k="highway" v="service"/>
 </way>
 <way id="1376445048" visible="true" version="1" changeset="164764555" timestamp="2025-04-10T11:44:11Z" user="vasqaa" uid="20928010">
  <nd ref="1362326582"/>
  <nd ref="1362326584"/>
  <nd ref="1362326577"/>
  <nd ref="1362326578"/>
  <nd ref="12744477877"/>
  <nd ref="12744477876"/>
  <nd ref="12744477875"/>
  <nd ref="1362326572"/>
  <nd ref="11947838106"/>
  <nd ref="1353164905"/>
  <nd ref="1353164809"/>
  <nd ref="1362326579"/>
  <nd ref="1362326571"/>
  <nd ref="8037405358"/>
  <nd ref="1362326580"/>
  <nd ref="5513931815"/>
  <nd ref="1362326581"/>
  <nd ref="11990118414"/>
  <nd ref="1985258907"/>
  <nd ref="11990118413"/>
  <nd ref="1362326574"/>
  <nd ref="11990118412"/>
  <nd ref="5511982654"/>
  <nd ref="1327021502"/>
  <nd ref="1362326582"/>
  <tag k="barrier" v="wall"/>
 </way>
 <way id="1376445049" visible="true" version="2" changeset="175700703" timestamp="2025-12-09T08:05:46Z" user="EW09" uid="23561769">
  <nd ref="12744477855"/>
  <nd ref="12744477856"/>
  <nd ref="13363159381"/>
  <nd ref="12744477857"/>
  <nd ref="12744477858"/>
  <nd ref="12744477859"/>
  <nd ref="12744477860"/>
  <nd ref="12744477861"/>
  <nd ref="5513931779"/>
  <nd ref="12744477855"/>
  <tag k="building" v="yes"/>
  <tag k="layer" v="-1"/>
 </way>
 <way id="1376445050" visible="true" version="1" changeset="164764555" timestamp="2025-04-10T11:44:11Z" user="vasqaa" uid="20928010">
  <nd ref="2245773132"/>
  <nd ref="12744477865"/>
  <nd ref="2245773134"/>
  <nd ref="2245773135"/>
  <nd ref="2245773133"/>
  <nd ref="5513931738"/>
  <nd ref="12744477866"/>
  <nd ref="12744477867"/>
  <nd ref="2245773126"/>
  <nd ref="12744477871"/>
  <nd ref="12744477868"/>
  <nd ref="2245773131"/>
  <nd ref="2245773132"/>
  <tag k="building" v="college"/>
  <tag k="layer" v="-1"/>
  <tag k="name" v="CCS"/>
 </way>
 <way id="1376445051" visible="true" version="1" changeset="164764555" timestamp="2025-04-10T11:44:11Z" user="vasqaa" uid="20928010">
  <nd ref="12744477868"/>
  <nd ref="12744477869"/>
  <nd ref="12744477870"/>
  <nd ref="12744477871"/>
  <nd ref="12744477868"/>
  <tag k="building" v="yes"/>
 </way>
 <way id="1376445052" visible="true" version="2" changeset="175301367" timestamp="2025-11-30T07:01:03Z" user="EW09" uid="23561769">
  <nd ref="2245773131"/>
  <nd ref="12744477868"/>
  <nd ref="12744477869"/>
  <nd ref="12744477870"/>
  <nd ref="12744477871"/>
  <nd ref="2245773126"/>
  <nd ref="12744477867"/>
  <nd ref="2245773128"/>
  <nd ref="13341915704"/>
  <nd ref="2245773132"/>
  <nd ref="2245773131"/>
  <tag k="access" v="yes"/>
  <tag k="highway" v="footway"/>
  <tag k="leisure" v="common"/>
  <tag k="name" v="CCS Quadrangle"/>
 </way>
 <way id="1376445053" visible="true" version="1" changeset="164764555" timestamp="2025-04-10T11:44:11Z" user="vasqaa" uid="20928010">
  <nd ref="2245773135"/>
  <nd ref="12744477872"/>
  <nd ref="12744477873"/>
  <nd ref="12744477874"/>
  <nd ref="2245773135"/>
  <tag k="building" v="yes"/>
  <tag k="layer" v="-1"/>
 </way>
 <way id="1376445054" visible="true" version="4" changeset="175700703" timestamp="2025-12-09T08:05:46Z" user="EW09" uid="23561769">
  <nd ref="8037370776"/>
  <nd ref="8037370775"/>
  <nd ref="8037370774"/>
  <nd ref="8037370773"/>
  <nd ref="12803866562"/>
  <nd ref="13352554564"/>
  <nd ref="12744477878"/>
  <nd ref="5511972290"/>
  <nd ref="13363159360"/>
  <nd ref="5511972289"/>
  <nd ref="8037370776"/>
  <tag k="building" v="college"/>
  <tag k="name" v="CTE"/>
 </way>
 <way id="1376445055" visible="true" version="1" changeset="164764555" timestamp="2025-04-10T11:44:11Z" user="vasqaa" uid="20928010">
  <nd ref="5513931795"/>
  <nd ref="12744477879"/>
  <nd ref="5511962787"/>
  <nd ref="5511962788"/>
  <nd ref="5513931792"/>
  <nd ref="5513931793"/>
  <nd ref="5513931789"/>
  <nd ref="5513931790"/>
  <nd ref="5513931791"/>
  <nd ref="5513931788"/>
  <nd ref="5513931795"/>
  <tag k="building" v="college"/>
  <tag k="name" v="CAS"/>
 </way>
 <way id="1376445056" visible="true" version="1" changeset="164764555" timestamp="2025-04-10T11:44:11Z" user="vasqaa" uid="20928010">
  <nd ref="12744477879"/>
  <nd ref="5511962790"/>
  <nd ref="5511962789"/>
  <nd ref="5513931794"/>
  <nd ref="5513931789"/>
  <nd ref="5513931790"/>
  <nd ref="5513931795"/>
  <nd ref="12744477879"/>
  <tag k="building" v="college"/>
  <tag k="name" v="COL"/>
 </way>
 <way id="1376445057" visible="true" version="1" changeset="164764555" timestamp="2025-04-10T11:44:11Z" user="vasqaa" uid="20928010">
  <nd ref="5513931786"/>
  <nd ref="12744477880"/>
  <nd ref="12744477881"/>
  <nd ref="5513931785"/>
  <nd ref="5513931786"/>
  <tag k="building" v="yes"/>
  <tag k="name" v="SHS"/>
 </way>
 <way id="1454834293" visible="true" version="1" changeset="175301367" timestamp="2025-11-30T07:01:03Z" user="EW09" uid="23561769">
  <nd ref="11990118415"/>
  <nd ref="13341915709"/>
  <nd ref="13341915702"/>
  <nd ref="13341915703"/>
  <tag k="highway" v="footway"/>
 </way>
 <way id="1454834294" visible="true" version="1" changeset="175301367" timestamp="2025-11-30T07:01:03Z" user="EW09" uid="23561769">
  <nd ref="13341915704"/>
  <nd ref="13341915708"/>
  <nd ref="13341915706"/>
  <nd ref="13341915705"/>
  <tag k="highway" v="footway"/>
 </way>
 <way id="1454834295" visible="true" version="1" changeset="175301367" timestamp="2025-11-30T07:01:03Z" user="EW09" uid="23561769">
  <nd ref="13341915707"/>
  <nd ref="13341915708"/>
  <nd ref="13341915709"/>
  <tag k="highway" v="footway"/>
 </way>
 <way id="1455374305" visible="true" version="3" changeset="175571930" timestamp="2025-12-06T04:43:18Z" user="ratrun" uid="474183">
  <nd ref="1985258910"/>
  <nd ref="13341915703"/>
  <nd ref="13341915705"/>
  <tag k="highway" v="service"/>
  <tag k="oneway" v="no"/>
 </way>
 <way id="1455918424" visible="true" version="4" changeset="177766041" timestamp="2026-01-27T14:36:31Z" user="vasqaa" uid="20928010">
  <nd ref="1985258910"/>
  <nd ref="13352554556"/>
  <tag k="highway" v="footway"/>
 </way>
 <way id="1455918425" visible="true" version="6" changeset="177766041" timestamp="2026-01-27T14:36:31Z" user="vasqaa" uid="20928010">
  <nd ref="13373240665"/>
  <nd ref="13352554572"/>
  <nd ref="13373240667"/>
  <tag k="highway" v="footway"/>
 </way>
 <way id="1455918429" visible="true" version="1" changeset="175473158" timestamp="2025-12-04T05:34:34Z" user="EW09" uid="23561769">
  <nd ref="13352554564"/>
  <nd ref="5511982649"/>
  <tag k="highway" v="footway"/>
 </way>
 <way id="1455918430" visible="true" version="2" changeset="175700703" timestamp="2025-12-09T08:05:46Z" user="EW09" uid="23561769">
  <nd ref="13352554565"/>
  <nd ref="13363159363"/>
  <nd ref="13352554566"/>
  <tag k="highway" v="footway"/>
 </way>
 <way id="1455918431" visible="true" version="1" changeset="175473158" timestamp="2025-12-04T05:34:34Z" user="EW09" uid="23561769">
  <nd ref="13352554567"/>
  <nd ref="13352554568"/>
  <nd ref="13352554569"/>
  <nd ref="13352554570"/>
  <nd ref="13352554571"/>
  <nd ref="13352554572"/>
  <tag k="highway" v="footway"/>
 </way>
 <way id="1457083150" visible="true" version="1" changeset="175700703" timestamp="2025-12-09T08:05:46Z" user="EW09" uid="23561769">
  <nd ref="5513931740"/>
  <nd ref="13363159357"/>
  <nd ref="13363159358"/>
  <nd ref="13363159359"/>
  <nd ref="13363159360"/>
  <nd ref="13363159361"/>
  <tag k="highway" v="footway"/>
 </way>
 <way id="1457083151" visible="true" version="2" changeset="175870129" timestamp="2025-12-13T03:53:22Z" user="EW09" uid="23561769">
  <nd ref="13363159362"/>
  <nd ref="13363159363"/>
  <nd ref="13363159364"/>
  <nd ref="13363159370"/>
  <nd ref="13363159365"/>
  <tag k="foot" v="yes"/>
  <tag k="highway" v="footway"/>
 </way>
 <way id="1457083152" visible="true" version="1" changeset="175700703" timestamp="2025-12-09T08:05:46Z" user="EW09" uid="23561769">
  <nd ref="13363159365"/>
  <nd ref="13363159366"/>
  <tag k="highway" v="footway"/>
 </way>
 <way id="1457083153" visible="true" version="1" changeset="175700703" timestamp="2025-12-09T08:05:46Z" user="EW09" uid="23561769">
  <nd ref="13363159367"/>
  <nd ref="13363159368"/>
  <nd ref="13363159369"/>
  <nd ref="13363159370"/>
  <tag k="highway" v="footway"/>
 </way>
 <way id="1457083154" visible="true" version="1" changeset="175700703" timestamp="2025-12-09T08:05:46Z" user="EW09" uid="23561769">
  <nd ref="13363159364"/>
  <nd ref="13363159367"/>
  <tag k="highway" v="footway"/>
 </way>
 <way id="1457083155" visible="true" version="2" changeset="175870129" timestamp="2025-12-13T03:53:22Z" user="EW09" uid="23561769">
  <nd ref="13363159371"/>
  <nd ref="13363159376"/>
  <nd ref="5513931813"/>
  <tag k="highway" v="footway"/>
  <tag k="motor_vehicle" v="yes"/>
 </way>
 <way id="1457083156" visible="true" version="1" changeset="175700703" timestamp="2025-12-09T08:05:46Z" user="EW09" uid="23561769">
  <nd ref="13363159373"/>
  <nd ref="13363159374"/>
  <nd ref="13363159375"/>
  <nd ref="11990118427"/>
  <tag k="highway" v="footway"/>
 </way>
 <way id="1457083157" visible="true" version="1" changeset="175700703" timestamp="2025-12-09T08:05:46Z" user="EW09" uid="23561769">
  <nd ref="13363159376"/>
  <nd ref="13363159378"/>
  <nd ref="13363159377"/>
  <tag k="highway" v="footway"/>
 </way>
 <way id="1457083160" visible="true" version="1" changeset="175700703" timestamp="2025-12-09T08:05:46Z" user="EW09" uid="23561769">
  <nd ref="13363159373"/>
  <nd ref="13363159381"/>
  <tag k="highway" v="footway"/>
 </way>
 <way id="1457083161" visible="true" version="2" changeset="175869829" timestamp="2025-12-13T03:29:57Z" user="EW09" uid="23561769">
  <nd ref="3753922636"/>
  <nd ref="5511952825"/>
  <nd ref="3753922635"/>
  <nd ref="5511982644"/>
  <nd ref="5511982642"/>
  <tag k="highway" v="service"/>
 </way>
 <way id="1457083162" visible="true" version="1" changeset="175700703" timestamp="2025-12-09T08:05:46Z" user="EW09" uid="23561769">
  <nd ref="11990118425"/>
  <nd ref="3753922634"/>
  <tag k="highway" v="service"/>
 </way>
 <way id="1457083163" visible="true" version="3" changeset="175870129" timestamp="2025-12-13T03:53:22Z" user="EW09" uid="23561769">
  <nd ref="3753922633"/>
  <nd ref="13373243836"/>
  <nd ref="13352554566"/>
  <nd ref="5511982649"/>
  <nd ref="3753922634"/>
  <tag k="highway" v="service"/>
 </way>
 <way id="1458200940" visible="true" version="1" changeset="175869829" timestamp="2025-12-13T03:29:57Z" user="EW09" uid="23561769">
  <nd ref="13373240667"/>
  <nd ref="13352554556"/>
  <tag k="highway" v="footway"/>
 </way>
 <way id="1458203234" visible="true" version="1" changeset="175870129" timestamp="2025-12-13T03:53:22Z" user="EW09" uid="23561769">
  <nd ref="13373243837"/>
  <nd ref="13373243838"/>
  <nd ref="13341915704"/>
  <tag k="highway" v="footway"/>
 </way>
 <way id="1471693392" visible="true" version="1" changeset="177766041" timestamp="2026-01-27T14:36:31Z" user="vasqaa" uid="20928010">
  <nd ref="13363159377"/>
  <nd ref="5513931734"/>
  <tag k="highway" v="footway"/>
 </way>
 <relation id="1963258" visible="true" version="24" changeset="147715632" timestamp="2024-02-21T03:38:27Z" user="vasqaa" uid="20928010">
  <member type="node" ref="331515558" role="stop_entry_only"/>
  <member type="node" ref="6170732617" role="platform"/>
  <member type="node" ref="4547532566" role="platform"/>
  <member type="node" ref="4547532550" role="platform"/>
  <member type="node" ref="3150146792" role="platform"/>
  <member type="node" ref="3150146797" role="platform"/>
  <member type="node" ref="3150146791" role="platform"/>
  <member type="node" ref="7543837226" role="platform"/>
  <member type="node" ref="3150146794" role="platform"/>
  <member type="way" ref="42676081" role=""/>
  <member type="way" ref="191505760" role=""/>
  <member type="way" ref="40739911" role=""/>
  <member type="way" ref="30455248" role=""/>
  <member type="way" ref="129171820" role=""/>
  <member type="way" ref="1006877774" role=""/>
  <member type="way" ref="33512933" role=""/>
  <member type="way" ref="1006938154" role=""/>
  <member type="way" ref="191348743" role=""/>
  <member type="way" ref="26453023" role=""/>
  <member type="way" ref="26453024" role=""/>
  <member type="way" ref="33514070" role=""/>
  <member type="way" ref="25030609" role=""/>
  <member type="way" ref="25908828" role=""/>
  <member type="way" ref="33514206" role=""/>
  <member type="way" ref="33514213" role=""/>
  <member type="way" ref="33514234" role=""/>
  <member type="way" ref="33514231" role=""/>
  <member type="way" ref="64167374" role=""/>
  <member type="way" ref="65249877" role=""/>
  <member type="way" ref="64167373" role=""/>
  <member type="way" ref="65249878" role=""/>
  <member type="way" ref="65249879" role=""/>
  <member type="way" ref="65249880" role=""/>
  <member type="way" ref="436215048" role=""/>
  <member type="way" ref="37780175" role=""/>
  <member type="way" ref="684894327" role=""/>
  <member type="way" ref="413231151" role=""/>
  <member type="way" ref="35676424" role=""/>
  <member type="way" ref="35676448" role=""/>
  <member type="way" ref="1006877780" role=""/>
  <member type="way" ref="40553341" role=""/>
  <member type="way" ref="40553356" role=""/>
  <member type="way" ref="27829483" role=""/>
  <member type="way" ref="4584966" role=""/>
  <member type="way" ref="144971189" role=""/>
  <member type="way" ref="40553258" role=""/>
  <member type="way" ref="40553232" role=""/>
  <member type="way" ref="1168419747" role=""/>
  <member type="way" ref="96680250" role=""/>
  <member type="way" ref="156919961" role=""/>
  <member type="way" ref="40553124" role=""/>
  <member type="way" ref="123531637" role=""/>
  <member type="way" ref="161640120" role=""/>
  <member type="way" ref="161640123" role=""/>
  <member type="way" ref="1006877779" role=""/>
  <member type="way" ref="853102460" role=""/>
  <member type="way" ref="40553039" role=""/>
  <member type="way" ref="853102461" role=""/>
  <member type="way" ref="25636244" role=""/>
  <member type="way" ref="1253117767" role=""/>
  <member type="way" ref="1253117762" role=""/>
  <member type="way" ref="40552991" role=""/>
  <member type="way" ref="130228612" role=""/>
  <member type="way" ref="123531631" role=""/>
  <member type="way" ref="853102455" role=""/>
  <member type="way" ref="853102453" role=""/>
  <member type="way" ref="853102454" role=""/>
  <member type="way" ref="853102456" role=""/>
  <member type="way" ref="184387858" role=""/>
  <member type="way" ref="853102452" role=""/>
  <member type="way" ref="853102451" role=""/>
  <member type="way" ref="23434691" role=""/>
  <member type="way" ref="899471096" role=""/>
  <member type="way" ref="899471095" role=""/>
  <member type="way" ref="106745931" role=""/>
  <member type="way" ref="123531610" role=""/>
  <member type="way" ref="40552069" role=""/>
  <member type="way" ref="32970080" role=""/>
  <member type="way" ref="23436068" role=""/>
  <member type="way" ref="30682433" role=""/>
  <tag k="from" v="San Pablo"/>
  <tag k="name" v="PUJ: San Pablo → Santa Cruz"/>
  <tag k="network" v="PH:PUJ:Laguna"/>
  <tag k="public_transport:version" v="2"/>
  <tag k="ref" v="San Pablo-Santa Cruz"/>
  <tag k="route" v="share_taxi"/>
  <tag k="to" v="Santa Cruz"/>
  <tag k="type" v="route"/>
 </relation>
 <relation id="2582682" visible="true" version="44" changeset="180354625" timestamp="2026-03-24T13:33:46Z" user="CraterLake1" uid="23310621">
  <member type="node" ref="4547532555" role="platform"/>
  <member type="node" ref="5355740723" role="platform"/>
  <member type="node" ref="4547532560" role="platform"/>
  <member type="node" ref="5355740724" role="platform"/>
  <member type="node" ref="2412882367" role="platform"/>
  <member type="node" ref="364631409" role="platform"/>
  <member type="node" ref="3800373371" role="platform"/>
  <member type="node" ref="7543837229" role="platform"/>
  <member type="node" ref="7543837244" role="platform"/>
  <member type="node" ref="7543837243" role="platform"/>
  <member type="node" ref="4547532562" role="platform"/>
  <member type="node" ref="4547532547" role="platform"/>
  <member type="node" ref="2632081267" role="platform"/>
  <member type="node" ref="2632081266" role="platform"/>
  <member type="node" ref="2424967302" role="platform"/>
  <member type="node" ref="2352986086" role="platform"/>
  <member type="node" ref="4547532568" role="platform"/>
  <member type="node" ref="4547532553" role="platform"/>
  <member type="node" ref="7329031385" role="platform"/>
  <member type="node" ref="2424967301" role="platform"/>
  <member type="node" ref="4547532557" role="platform"/>
  <member type="node" ref="4547532548" role="platform"/>
  <member type="node" ref="3150146792" role="platform"/>
  <member type="node" ref="3150146797" role="platform"/>
  <member type="node" ref="3150146791" role="platform"/>
  <member type="node" ref="7543837226" role="platform"/>
  <member type="node" ref="3150146794" role="platform"/>
  <member type="way" ref="186159869" role=""/>
  <member type="way" ref="32460944" role=""/>
  <member type="way" ref="186159891" role=""/>
  <member type="way" ref="948000166" role=""/>
  <member type="way" ref="26451994" role=""/>
  <member type="way" ref="724670135" role=""/>
  <member type="way" ref="995235729" role=""/>
  <member type="way" ref="553890655" role=""/>
  <member type="way" ref="881945937" role=""/>
  <member type="way" ref="32461026" role=""/>
  <member type="way" ref="32461024" role=""/>
  <member type="way" ref="92878389" role=""/>
  <member type="way" ref="408386528" role=""/>
  <member type="way" ref="688088106" role=""/>
  <member type="way" ref="688088115" role=""/>
  <member type="way" ref="408386523" role=""/>
  <member type="way" ref="688088116" role=""/>
  <member type="way" ref="1009048666" role=""/>
  <member type="way" ref="408386526" role=""/>
  <member type="way" ref="937511855" role=""/>
  <member type="way" ref="688088114" role=""/>
  <member type="way" ref="688088113" role=""/>
  <member type="way" ref="92878384" role=""/>
  <member type="way" ref="328679918" role=""/>
  <member type="way" ref="328679917" role=""/>
  <member type="way" ref="54360181" role=""/>
  <member type="way" ref="54360182" role=""/>
  <member type="way" ref="54360069" role=""/>
  <member type="way" ref="54360057" role=""/>
  <member type="way" ref="273736407" role=""/>
  <member type="way" ref="328679920" role=""/>
  <member type="way" ref="328679919" role=""/>
  <member type="way" ref="411086305" role=""/>
  <member type="way" ref="90087399" role=""/>
  <member type="way" ref="90087398" role=""/>
  <member type="way" ref="297157682" role=""/>
  <member type="way" ref="32461094" role=""/>
  <member type="way" ref="32461096" role=""/>
  <member type="way" ref="985682842" role=""/>
  <member type="way" ref="985682841" role=""/>
  <member type="way" ref="36468030" role=""/>
  <member type="way" ref="36467969" role=""/>
  <member type="way" ref="364281918" role=""/>
  <member type="way" ref="56183215" role=""/>
  <member type="way" ref="109359313" role=""/>
  <member type="way" ref="1451248241" role=""/>
  <member type="way" ref="109359348" role=""/>
  <member type="way" ref="33514810" role=""/>
  <member type="way" ref="33514824" role=""/>
  <member type="way" ref="1492220671" role=""/>
  <member type="way" ref="1492220670" role=""/>
  <member type="way" ref="1492220672" role=""/>
  <member type="way" ref="33542192" role=""/>
  <member type="way" ref="33542191" role=""/>
  <member type="way" ref="328680466" role=""/>
  <member type="way" ref="64059157" role=""/>
  <member type="way" ref="33542286" role=""/>
  <member type="way" ref="33542283" role=""/>
  <member type="way" ref="62214529" role=""/>
  <member type="way" ref="60956491" role=""/>
  <member type="way" ref="33542320" role=""/>
  <member type="way" ref="33542321" role=""/>
  <member type="way" ref="26137772" role=""/>
  <member type="way" ref="64060047" role=""/>
  <member type="way" ref="363137648" role=""/>
  <member type="way" ref="328680468" role=""/>
  <member type="way" ref="328680467" role=""/>
  <member type="way" ref="853102463" role=""/>
  <member type="way" ref="962477329" role=""/>
  <member type="way" ref="1017750403" role=""/>
  <member type="way" ref="1017750404" role=""/>
  <member type="way" ref="133952676" role=""/>
  <member type="way" ref="215518370" role=""/>
  <member type="way" ref="215518371" role=""/>
  <member type="way" ref="1168419752" role=""/>
  <member type="way" ref="1006877782" role=""/>
  <member type="way" ref="59807287" role=""/>
  <member type="way" ref="59807296" role=""/>
  <member type="way" ref="1168419760" role=""/>
  <member type="way" ref="144971189" role=""/>
  <member type="way" ref="40553258" role=""/>
  <member type="way" ref="40553232" role=""/>
  <member type="way" ref="1168419747" role=""/>
  <member type="way" ref="96680250" role=""/>
  <member type="way" ref="156919961" role=""/>
  <member type="way" ref="40553124" role=""/>
  <member type="way" ref="123531637" role=""/>
  <member type="way" ref="161640120" role=""/>
  <member type="way" ref="161640123" role=""/>
  <member type="way" ref="1006877779" role=""/>
  <member type="way" ref="853102460" role=""/>
  <member type="way" ref="40553039" role=""/>
  <member type="way" ref="853102461" role=""/>
  <member type="way" ref="25636244" role=""/>
  <member type="way" ref="1253117767" role=""/>
  <member type="way" ref="1253117762" role=""/>
  <member type="way" ref="40552991" role=""/>
  <member type="way" ref="130228612" role=""/>
  <member type="way" ref="123531631" role=""/>
  <member type="way" ref="853102455" role=""/>
  <member type="way" ref="853102453" role=""/>
  <member type="way" ref="853102454" role=""/>
  <member type="way" ref="853102456" role=""/>
  <member type="way" ref="184387858" role=""/>
  <member type="way" ref="853102452" role=""/>
  <member type="way" ref="853102451" role=""/>
  <member type="way" ref="23434691" role=""/>
  <member type="way" ref="899471096" role=""/>
  <member type="way" ref="899471095" role=""/>
  <member type="way" ref="106745931" role=""/>
  <member type="way" ref="123531610" role=""/>
  <member type="way" ref="40552069" role=""/>
  <member type="way" ref="32970080" role=""/>
  <member type="way" ref="23436068" role=""/>
  <member type="way" ref="30682433" role=""/>
  <tag k="from" v="Calamba"/>
  <tag k="name" v="PUJ: Calamba → Santa Cruz"/>
  <tag k="network" v="PH:PUJ:Laguna"/>
  <tag k="public_transport:version" v="2"/>
  <tag k="ref" v="Calamba-Santa Cruz"/>
  <tag k="route" v="share_taxi"/>
  <tag k="to" v="Santa Cruz"/>
  <tag k="type" v="route"/>
 </relation>
 <relation id="2582683" visible="true" version="43" changeset="180354625" timestamp="2026-03-24T13:33:46Z" user="CraterLake1" uid="23310621">
  <member type="node" ref="3150146795" role="platform"/>
  <member type="node" ref="4336879799" role="platform"/>
  <member type="node" ref="7543837225" role="platform"/>
  <member type="node" ref="3150146796" role="platform"/>
  <member type="node" ref="3150146793" role="platform"/>
  <member type="node" ref="4547532549" role="platform"/>
  <member type="node" ref="4547532558" role="platform"/>
  <member type="node" ref="3641865840" role="platform"/>
  <member type="node" ref="4547532554" role="platform"/>
  <member type="node" ref="7329031396" role="platform"/>
  <member type="node" ref="1620084755" role="platform"/>
  <member type="node" ref="2424967305" role="platform"/>
  <member type="node" ref="2424967303" role="platform"/>
  <member type="node" ref="2457034954" role="platform"/>
  <member type="node" ref="1143775774" role="platform"/>
  <member type="node" ref="7543837240" role="platform"/>
  <member type="node" ref="7543837241" role="platform"/>
  <member type="node" ref="3877613670" role="platform"/>
  <member type="node" ref="4547532563" role="platform"/>
  <member type="node" ref="7543837242" role="platform"/>
  <member type="node" ref="7543837245" role="platform"/>
  <member type="node" ref="7543837230" role="platform"/>
  <member type="node" ref="3800373372" role="platform"/>
  <member type="node" ref="4547532561" role="platform"/>
  <member type="node" ref="2412882370" role="platform"/>
  <member type="node" ref="7543837228" role="platform"/>
  <member type="node" ref="4547532559" role="platform"/>
  <member type="node" ref="7543837227" role="platform"/>
  <member type="node" ref="1785500824" role="platform"/>
  <member type="way" ref="30682433" role=""/>
  <member type="way" ref="23436068" role=""/>
  <member type="way" ref="32970080" role=""/>
  <member type="way" ref="40552069" role=""/>
  <member type="way" ref="123531610" role=""/>
  <member type="way" ref="106745931" role=""/>
  <member type="way" ref="899471095" role=""/>
  <member type="way" ref="899471096" role=""/>
  <member type="way" ref="23434691" role=""/>
  <member type="way" ref="853102451" role=""/>
  <member type="way" ref="853102452" role=""/>
  <member type="way" ref="184387858" role=""/>
  <member type="way" ref="853102456" role=""/>
  <member type="way" ref="853102454" role=""/>
  <member type="way" ref="853102453" role=""/>
  <member type="way" ref="853102455" role=""/>
  <member type="way" ref="123531631" role=""/>
  <member type="way" ref="130228612" role=""/>
  <member type="way" ref="40552991" role=""/>
  <member type="way" ref="1253117762" role=""/>
  <member type="way" ref="1253117767" role=""/>
  <member type="way" ref="25636244" role=""/>
  <member type="way" ref="853102461" role=""/>
  <member type="way" ref="40553039" role=""/>
  <member type="way" ref="853102460" role=""/>
  <member type="way" ref="1006877779" role=""/>
  <member type="way" ref="161640123" role=""/>
  <member type="way" ref="161640120" role=""/>
  <member type="way" ref="123531637" role=""/>
  <member type="way" ref="40553124" role=""/>
  <member type="way" ref="156919961" role=""/>
  <member type="way" ref="96680250" role=""/>
  <member type="way" ref="1168419747" role=""/>
  <member type="way" ref="40553232" role=""/>
  <member type="way" ref="40553258" role=""/>
  <member type="way" ref="144971189" role=""/>
  <member type="way" ref="1168419760" role=""/>
  <member type="way" ref="59807296" role=""/>
  <member type="way" ref="59807287" role=""/>
  <member type="way" ref="1006877782" role=""/>
  <member type="way" ref="1168419752" role=""/>
  <member type="way" ref="215518371" role=""/>
  <member type="way" ref="215518370" role=""/>
  <member type="way" ref="853102463" role=""/>
  <member type="way" ref="962477329" role=""/>
  <member type="way" ref="1017750403" role=""/>
  <member type="way" ref="1017750404" role=""/>
  <member type="way" ref="133952676" role=""/>
  <member type="way" ref="328680467" role=""/>
  <member type="way" ref="328680468" role=""/>
  <member type="way" ref="363137648" role=""/>
  <member type="way" ref="64060047" role=""/>
  <member type="way" ref="26137772" role=""/>
  <member type="way" ref="33542321" role=""/>
  <member type="way" ref="33542320" role=""/>
  <member type="way" ref="60956491" role=""/>
  <member type="way" ref="62214529" role=""/>
  <member type="way" ref="33542283" role=""/>
  <member type="way" ref="33542286" role=""/>
  <member type="way" ref="64059157" role=""/>
  <member type="way" ref="328680466" role=""/>
  <member type="way" ref="33542191" role=""/>
  <member type="way" ref="33542192" role=""/>
  <member type="way" ref="1492220672" role=""/>
  <member type="way" ref="1492220670" role=""/>
  <member type="way" ref="1492220671" role=""/>
  <member type="way" ref="33514824" role=""/>
  <member type="way" ref="33514810" role=""/>
  <member type="way" ref="109359348" role=""/>
  <member type="way" ref="1451248241" role=""/>
  <member type="way" ref="109359313" role=""/>
  <member type="way" ref="56183215" role=""/>
  <member type="way" ref="364281918" role=""/>
  <member type="way" ref="36467969" role=""/>
  <member type="way" ref="36468030" role=""/>
  <member type="way" ref="985682841" role=""/>
  <member type="way" ref="985682842" role=""/>
  <member type="way" ref="32461096" role=""/>
  <member type="way" ref="32461094" role=""/>
  <member type="way" ref="297157682" role=""/>
  <member type="way" ref="90087398" role=""/>
  <member type="way" ref="90087399" role=""/>
  <member type="way" ref="411086305" role=""/>
  <member type="way" ref="328679919" role=""/>
  <member type="way" ref="328679920" role=""/>
  <member type="way" ref="273736407" role=""/>
  <member type="way" ref="54360057" role=""/>
  <member type="way" ref="54360069" role=""/>
  <member type="way" ref="54360182" role=""/>
  <member type="way" ref="54360181" role=""/>
  <member type="way" ref="328679917" role=""/>
  <member type="way" ref="328679918" role=""/>
  <member type="way" ref="92878384" role=""/>
  <member type="way" ref="688088113" role=""/>
  <member type="way" ref="688088114" role=""/>
  <member type="way" ref="937511855" role=""/>
  <member type="way" ref="408386526" role=""/>
  <member type="way" ref="1009048666" role=""/>
  <member type="way" ref="688088116" role=""/>
  <member type="way" ref="408386523" role=""/>
  <member type="way" ref="688088115" role=""/>
  <member type="way" ref="688088106" role=""/>
  <member type="way" ref="408386528" role=""/>
  <member type="way" ref="92878389" role=""/>
  <member type="way" ref="32461024" role=""/>
  <member type="way" ref="32461026" role=""/>
  <member type="way" ref="881945937" role=""/>
  <member type="way" ref="553890655" role=""/>
  <member type="way" ref="995235729" role=""/>
  <member type="way" ref="724670135" role=""/>
  <member type="way" ref="26451994" role=""/>
  <member type="way" ref="948000166" role=""/>
  <member type="way" ref="948000163" role=""/>
  <member type="way" ref="4352001" role=""/>
  <member type="way" ref="67297914" role=""/>
  <member type="way" ref="186159872" role=""/>
  <tag k="from" v="Santa Cruz"/>
  <tag k="name" v="PUJ: Santa Cruz → Calamba"/>
  <tag k="network" v="PH:PUJ:Laguna"/>
  <tag k="public_transport:version" v="2"/>
  <tag k="ref" v="Calamba-Santa Cruz"/>
  <tag k="route" v="share_taxi"/>
  <tag k="to" v="Calamba"/>
  <tag k="type" v="route"/>
 </relation>
 <relation id="2582684" visible="true" version="22" changeset="179437389" timestamp="2026-03-06T10:17:07Z" user="LakePoopó" uid="20109123">
  <member type="node" ref="3150146795" role="platform"/>
  <member type="node" ref="4336879799" role="platform"/>
  <member type="node" ref="7543837225" role="platform"/>
  <member type="node" ref="3150146796" role="platform"/>
  <member type="node" ref="3150146793" role="platform"/>
  <member type="node" ref="4547532551" role="platform"/>
  <member type="node" ref="4547532567" role="platform"/>
  <member type="node" ref="4547532564" role="platform"/>
  <member type="way" ref="30682433" role=""/>
  <member type="way" ref="23436068" role=""/>
  <member type="way" ref="32970080" role=""/>
  <member type="way" ref="40552069" role=""/>
  <member type="way" ref="123531610" role=""/>
  <member type="way" ref="106745931" role=""/>
  <member type="way" ref="899471095" role=""/>
  <member type="way" ref="899471096" role=""/>
  <member type="way" ref="23434691" role=""/>
  <member type="way" ref="853102451" role=""/>
  <member type="way" ref="853102452" role=""/>
  <member type="way" ref="184387858" role=""/>
  <member type="way" ref="853102456" role=""/>
  <member type="way" ref="853102454" role=""/>
  <member type="way" ref="853102453" role=""/>
  <member type="way" ref="853102455" role=""/>
  <member type="way" ref="123531631" role=""/>
  <member type="way" ref="130228612" role=""/>
  <member type="way" ref="40552991" role=""/>
  <member type="way" ref="1253117762" role=""/>
  <member type="way" ref="1253117767" role=""/>
  <member type="way" ref="25636244" role=""/>
  <member type="way" ref="853102461" role=""/>
  <member type="way" ref="40553039" role=""/>
  <member type="way" ref="853102460" role=""/>
  <member type="way" ref="1006877779" role=""/>
  <member type="way" ref="161640123" role=""/>
  <member type="way" ref="161640120" role=""/>
  <member type="way" ref="123531637" role=""/>
  <member type="way" ref="40553124" role=""/>
  <member type="way" ref="156919961" role=""/>
  <member type="way" ref="96680250" role=""/>
  <member type="way" ref="1168419747" role=""/>
  <member type="way" ref="40553232" role=""/>
  <member type="way" ref="40553258" role=""/>
  <member type="way" ref="144971189" role=""/>
  <member type="way" ref="4584966" role=""/>
  <member type="way" ref="27829483" role=""/>
  <member type="way" ref="40553356" role=""/>
  <member type="way" ref="40553341" role=""/>
  <member type="way" ref="1006877780" role=""/>
  <member type="way" ref="35676448" role=""/>
  <member type="way" ref="35676424" role=""/>
  <member type="way" ref="413231151" role=""/>
  <member type="way" ref="684894327" role=""/>
  <member type="way" ref="37780175" role=""/>
  <member type="way" ref="436215048" role=""/>
  <member type="way" ref="65249880" role=""/>
  <member type="way" ref="65249879" role=""/>
  <member type="way" ref="65249878" role=""/>
  <member type="way" ref="64167373" role=""/>
  <member type="way" ref="65249877" role=""/>
  <member type="way" ref="64167374" role=""/>
  <member type="way" ref="33514231" role=""/>
  <member type="way" ref="33514234" role=""/>
  <member type="way" ref="33514213" role=""/>
  <member type="way" ref="33514206" role=""/>
  <member type="way" ref="25908828" role=""/>
  <member type="way" ref="25030611" role=""/>
  <member type="way" ref="33514070" role=""/>
  <member type="way" ref="26453024" role=""/>
  <member type="way" ref="26453023" role=""/>
  <member type="way" ref="33512938" role=""/>
  <member type="way" ref="33512941" role=""/>
  <member type="way" ref="934677932" role=""/>
  <member type="way" ref="1485968140" role=""/>
  <member type="way" ref="64168319" role=""/>
  <member type="way" ref="1006877774" role=""/>
  <member type="way" ref="129171820" role=""/>
  <member type="way" ref="30455248" role=""/>
  <member type="way" ref="37780660" role=""/>
  <member type="way" ref="191348739" role=""/>
  <member type="way" ref="40739910" role=""/>
  <member type="way" ref="64167372" role=""/>
  <tag k="from" v="Santa Cruz"/>
  <tag k="name" v="PUJ: Santa Cruz → San Pablo"/>
  <tag k="network" v="PH:PUJ:Laguna"/>
  <tag k="public_transport:version" v="2"/>
  <tag k="ref" v="San Pablo-Santa Cruz"/>
  <tag k="route" v="share_taxi"/>
  <tag k="to" v="San Pablo"/>
  <tag k="type" v="route"/>
 </relation>
 <relation id="8159468" visible="true" version="3" changeset="147176205" timestamp="2024-02-07T13:10:47Z" user="vasqaa" uid="20928010">
  <member type="way" ref="574446592" role="inner"/>
  <member type="way" ref="215161191" role="outer"/>
  <tag k="building" v="university"/>
  <tag k="name" v="Administration Building"/>
  <tag k="type" v="multipolygon"/>
 </relation>
 <relation id="8159469" visible="true" version="2" changeset="164764555" timestamp="2025-04-10T11:44:11Z" user="vasqaa" uid="20928010">
  <member type="way" ref="574446616" role="inner"/>
  <member type="way" ref="574137875" role="outer"/>
  <tag k="building" v="college"/>
  <tag k="name" v="Old Admin Building"/>
  <tag k="type" v="multipolygon"/>
 </relation>
 <relation id="12228096" visible="true" version="2" changeset="147493184" timestamp="2024-02-15T14:02:15Z" user="vasqaa" uid="20928010">
  <member type="node" ref="359899270" role="label"/>
  <member type="way" ref="899471112" role="outer"/>
  <member type="way" ref="899471095" role="outer"/>
  <member type="way" ref="23434121" role="outer"/>
  <member type="way" ref="899471097" role="outer"/>
  <member type="way" ref="899471098" role="outer"/>
  <member type="way" ref="137189877" role="outer"/>
  <tag k="admin_level" v="10"/>
  <tag k="boundary" v="administrative"/>
  <tag k="name" v="Bagumbayan"/>
  <tag k="postal_code" v="4009"/>
  <tag k="type" v="boundary"/>
 </relation>
 <relation id="17218017" visible="true" version="1" changeset="147493184" timestamp="2024-02-15T14:02:15Z" user="vasqaa" uid="20928010">
  <member type="way" ref="1250792201" role="outer"/>
  <member type="node" ref="353550345" role="label"/>
  <tag k="admin_level" v="10"/>
  <tag k="boundary" v="administrative"/>
  <tag k="name" v="Bubukal"/>
  <tag k="postal_code" v="4009"/>
  <tag k="type" v="boundary"/>
 </relation>
 <relation id="18955200" visible="true" version="1" changeset="164620502" timestamp="2025-04-07T07:46:24Z" user="vasqaa" uid="20928010">
  <member type="way" ref="1375526275" role=""/>
  <member type="way" ref="1375526273" role=""/>
  <member type="way" ref="1059108348" role=""/>
  <member type="way" ref="26772207" role=""/>
  <member type="way" ref="145496489" role=""/>
  <member type="way" ref="145496490" role=""/>
  <member type="way" ref="134090889" role=""/>
  <member type="way" ref="23434691" role=""/>
  <member type="way" ref="899471096" role=""/>
  <member type="way" ref="899471095" role=""/>
  <member type="way" ref="106745931" role=""/>
  <member type="way" ref="123531610" role=""/>
  <member type="way" ref="40552069" role=""/>
  <member type="way" ref="32970080" role=""/>
  <member type="way" ref="23436068" role=""/>
  <member type="way" ref="30682433" role=""/>
  <tag k="from" v="Calumpang(Liliw)"/>
  <tag k="name" v="PUJ: Calumpang → Santa Cruz"/>
  <tag k="network" v="PH:PUJ:Laguna"/>
  <tag k="operator" v="LTFRB"/>
  <tag k="public_transport:version" v="2"/>
  <tag k="ref" v="Calumpang(Liliw)-Santa Cruz"/>
  <tag k="route" v="share_taxi"/>
  <tag k="to" v="Santa Cruz"/>
  <tag k="type" v="route"/>
 </relation>
 <relation id="18955201" visible="true" version="1" changeset="164620502" timestamp="2025-04-07T07:46:24Z" user="vasqaa" uid="20928010">
  <member type="way" ref="1375526275" role=""/>
  <member type="way" ref="1375526273" role=""/>
  <member type="way" ref="1059108348" role=""/>
  <member type="way" ref="26772207" role=""/>
  <member type="way" ref="145496490" role=""/>
  <member type="way" ref="23434691" role=""/>
  <member type="way" ref="899471096" role=""/>
  <member type="way" ref="899471095" role=""/>
  <member type="way" ref="106745931" role=""/>
  <member type="way" ref="123531610" role=""/>
  <member type="way" ref="40552069" role=""/>
  <member type="way" ref="32970080" role=""/>
  <member type="way" ref="23436068" role=""/>
  <member type="way" ref="30682433" role=""/>
  <tag k="from" v="Santa Cruz"/>
  <tag k="name" v="PUJ: Santa Cruz → Calumpang"/>
  <tag k="network" v="PH:PUJ:Laguna"/>
  <tag k="operator" v="LTFRB"/>
  <tag k="public_transport:version" v="2"/>
  <tag k="ref" v="Santa Cruz-Calumpang(Liliw)"/>
  <tag k="route" v="share_taxi"/>
  <tag k="to" v="Calumpang(Liliw)"/>
  <tag k="type" v="route"/>
 </relation>
 <relation id="19954739" visible="true" version="1" changeset="175870129" timestamp="2025-12-13T03:53:22Z" user="EW09" uid="23561769">
  <member type="node" ref="3753922633" role=""/>
  <member type="node" ref="11990118425" role=""/>
  <tag k="route" v="road"/>
  <tag k="type" v="route"/>
 </relation>
 <relation id="19954740" visible="true" version="1" changeset="175870129" timestamp="2025-12-13T03:53:22Z" user="EW09" uid="23561769">
  <member type="way" ref="1376445052" role=""/>
  <tag k="route" v="foot"/>
  <tag k="type" v="route"/>
 </relation>
 <relation id="19954741" visible="true" version="1" changeset="175870129" timestamp="2025-12-13T03:53:22Z" user="EW09" uid="23561769">
  <member type="node" ref="5511982642" role=""/>
  <member type="node" ref="5511982643" role=""/>
  <member type="node" ref="3753922633" role=""/>
  <tag k="route" v="foot"/>
  <tag k="type" v="route"/>
 </relation>
</osm>
